{"stats":{"minecraft:picked_up":{"simplyswords:watcher_claymore":1,"minecraft:anvil":2,"minecraft:suspicious_stew":1,"minecells:small_prison_bricks":2,"minecraft:oak_stairs":1,"minecraft:enchanted_book":14,"minecraft:brewing_stand":1,"twigs:bloodstone":3,"minecraft:string":90,"simplyswords:diamond_scythe":1,"minecraft:red_nether_bricks":13,"graveyard:sarcophagus":1,"bosses_of_mass_destruction:soul_star":39,"minecraft:gold_nugget":136,"minecraft:cobbled_deepslate":1031,"travelersbackpack:enderman":1,"minecraft:black_glazed_terracotta":1,"minecraft:spruce_planks":3,"modern_industrialization:raw_uranium":5,"minecraft:bubble_coral":4,"indrev:steel_helmet":1,"endrem:wither_eye":2,"minecraft:coal_block":18,"immersive_armors:steampunk_chestplate":1,"minecells:transposition_core":1,"minecraft:golden_helmet":1,"minecraft:polished_blackstone_brick_slab":2,"minecells:guts":31,"croptopia:blackbean":1,"powah:book":1,"simplyswords:dormant_relic":1,"minecells:putrid_fence":8,"betternether:cincinnasite":8,"minecraft:cauldron":1,"indrev:guide_book":1,"travelersbackpack:iron":1,"minecraft:waxed_cut_copper_stairs":2,"indrev:raw_lead":3,"minecraft:stone_sword":6,"create:clipboard":2,"create:scoria":2,"toms_storage:ts.inventory_connector":2,"graveyard:small_brown_urn":1,"minecells:putrid_board_block":1,"mcdw:axe_axe":1,"supplementaries:ash":21,"minecells:small_crate":2,"minecraft:blaze_rod":27,"minecraft:iron_bars":6,"archon:fire_gem":2,"minecraft:magma_block":40,"techreborn:sphalerite_dust":2,"minecraft:feather":4,"minecraft:iron_door":17,"simplyswords:whisperwind":1,"minecraft:mangrove_slab":1,"lootr:trophy":2,"create:encased_chain_drive":12,"minecraft:chipped_anvil":3,"fishofthieves:earthworms":16,"create:shaft":2,"minecraft:glowstone_dust":14,"minecraft:moss_block":1,"minecraft:gray_candle":1,"minecraft:chiseled_polished_blackstone":3,"brewery:gingerbread":1,"patchouli:guide_book":1,"minecraft:warped_wart_block":5,"ae2:certus_quartz_crystal":4,"winterly:cryomarble_shard":2,"minecells:big_chain":12,"minecraft:dark_oak_log":211,"minecraft:red_terracotta":2,"minecraft:stripped_acacia_log":1,"regions_unexplored:hyssop":1,"minecells:explosive_bulb":3,"ae2:chipped_budding_quartz":3,"minecraft:lever":2,"minecraft:granite":34,"bewitchment:ectoplasm":4,"minecraft:jack_o_lantern":1,"twigs:rhyolite":25,"minecraft:bricks":1,"minecraft:crafting_table":3,"modern_industrialization:lignite_coal":39,"toms_storage:ts.storage_terminal":2,"minecells:king_statue":1,"ae2:silicon_press":2,"minecraft:cornflower":2,"twigs:opaline_seashell":1,"minecells:sewer_calamari":9,"minecraft:beef":7,"spellbladenext:crystal_cutlass":1,"minecells:vine_rune":1,"brewery:barrel_main":1,"minecraft:poppy":2,"minecraft:spruce_slab":3,"betternether:netherrack_stalactite":6,"minecraft:chest":4,"minecraft:birch_sapling":2,"minecraft:egg":2,"minecraft:raw_gold_block":8,"soulsweapons:shard_of_uncertainty":1,"croptopia:blackbean_seed":2,"techreborn:ruby_gem":8,"betternether:nether_ruby":11,"minecraft:redstone":60,"minecraft:blue_carpet":2,"regions_unexplored:dusktrap":1,"jewelry:ruby":2,"minecraft:cooked_cod":1,"mcda:phantom_bones":3,"minecraft:deepslate_bricks":1,"minecraft:hay_block":50,"minecraft:gold_ingot":17,"minecraft:polished_blackstone":5,"minecraft:bone_block":11,"minecraft:crimson_slab":1,"minecraft:stripped_oak_log":2,"minecraft:lime_bed":1,"minecraft:mud_bricks":7,"minecraft:tripwire_hook":1,"minecraft:red_mushroom":33,"minecraft:oak_log":30,"minecraft:ancient_debris":4,"minecraft:paper":1,"minecraft:white_banner":4,"minecraft:stone_bricks":5,"minecraft:apple":5,"techreborn:yellow_garnet_gem":2,"minecraft:stone_pickaxe":3,"minecraft:cobweb":6,"techreborn:deepslate_bauxite_ore":4,"minecraft:mangrove_planks":2,"travelersbackpack:blank_upgrade":1,"regions_unexplored:silver_birch_sapling":8,"soulsweapons:bluemoon_shortsword":1,"minecraft:polished_andesite_stairs":7,"modern_industrialization:raw_tungsten":3,"minecells:prison_cobblestone":6,"minecells:monster_cell":54,"minecraft:cracked_nether_bricks":1,"minecells:infected_flesh":34,"minecraft:gravel":1,"powah:uraninite_raw":10,"minecells:electric_whip":1,"modern_industrialization:raw_nickel":4,"regions_unexplored:fireweed":1,"minecraft:stone_axe":1,"minecraft:ender_pearl":4,"techreborn:deepslate_galena_ore":1,"techreborn:raw_tin":37,"minecraft:wheat":1,"minecraft:nether_brick_fence":2,"botania:blue_mushroom":1,"soulsweapons:moonstone":8,"minecraft:potion":1,"minecraft:gilded_blackstone":13,"minecraft:stone_brick_stairs":1,"minecraft:crimson_planks":6,"minecraft:raw_copper":61,"travelersbackpack:quartz":1,"minecraft:purple_banner":1,"minecells:tentacle":2,"minecraft:deepslate_tiles":1,"simplyswords:molten_edge":1,"ae2:flawed_budding_quartz":3,"minecraft:iron_boots":1,"minecraft:furnace":2,"minecraft:stick":6,"minecraft:torch":38,"twigs:silt_ball":4,"travelersbackpack:iron_tier_upgrade":1,"simplyswords:arcanethyst":1,"minecraft:porkchop":21,"minecraft:diorite":161,"betternether:lapis_pile":16,"ae2:sky_stone_block":64,"mutantmonsters:hulk_hammer":1,"minecraft:rotten_flesh":125,"create:asurine":12,"create:veridium":5,"minecraft:obsidian":27,"adventurez:orc_skin":3,"minecraft:blaze_powder":3,"minecraft:cobblestone":567,"minecraft:magma_cream":2,"minecraft:andesite":36,"minecells:crate":1,"minecraft:tuff":126,"create:raw_zinc":26,"supplementaries:flax_seeds":1,"minecraft:wither_skeleton_skull":7,"croptopia:walnut":1,"botania:magenta_mushroom":1,"ae2:damaged_budding_quartz":4,"minecraft:lapis_lazuli":104,"minecraft:dirt":158,"minecraft:bone":160,"travelersbackpack:backpack_tank":2,"minecraft:acacia_planks":1,"minecraft:bow":1,"minecraft:wheat_seeds":7,"minecraft:raw_gold":74,"minecraft:deepslate_brick_slab":1,"simplyswords:ribboncleaver":2,"minecraft:bell":1,"minecraft:grindstone":6,"ae2:logic_processor_press":2,"minecraft:mossy_stone_bricks":1,"minecraft:bamboo":2,"twigs:twig":35,"spellbladenext:frost_claymore":1,"minecraft:oak_planks":6,"minecraft:cooked_porkchop":3,"techreborn:raw_lead":16,"betternether:blackstone_stalactite":10,"minecraft:jungle_planks":5,"minecraft:nether_brick_stairs":9,"minecells:metal_shards":5,"techreborn:sapphire_gem":8,"ae2:quartz_block":8,"minecraft:dark_prismarine":14,"minecraft:mossy_cobblestone":3,"indrev:sulfur_crystal":6,"techreborn:bauxite_ore":2,"techreborn:peridot_gem":1,"minecraft:sugar":2,"minecraft:diamond":23,"minecraft:soul_lantern":1,"minecraft:cracked_polished_blackstone_bricks":2,"minecraft:crossbow":3,"minecraft:golden_apple":3,"minecells:bloomrock":5,"soulsweapons:verglas":1,"minecraft:emerald":47,"indrev:nikolite_dust":77,"minecraft:oak_sapling":21,"minecraft:netherrack":265,"croptopia:cashew":2,"minecells:boss_stem_cell":1,"minecraft:nether_star":1,"twigs:petrified_lichen":1,"minecraft:splash_potion":1,"minecraft:chicken":4,"minecraft:ladder":2,"minecraft:brown_mushroom":39,"minecraft:stone_brick_wall":1,"minecraft:gold_block":1,"ad_astra:sky_stone":21,"minecraft:shield":3,"supplementaries:timber_cross_brace":1,"minecraft:item_frame":26,"artifacts:fire_gauntlet":1,"minecraft:blackstone":13,"graveyard:corruption":3,"techreborn:raw_silver":1,"simplyswords:runic_tablet":8,"minecraft:candle":2,"graveyard:gravestone":2,"minecraft:oak_boat":1,"minecraft:player_head":1,"minecraft:lectern":18,"minecraft:sugar_cane":9,"minecraft:phantom_membrane":2,"minecraft:dark_oak_sapling":34,"minecraft:stripped_crimson_hyphae":1,"minecraft:raw_iron":94,"regions_unexplored:silver_birch_leaf_pile":5,"betternether:wall_mushroom_red":1,"minecraft:copper_ingot":4,"promenade:asphalt":8,"minecraft:bowl":11,"jewelry:jade":2,"minecells:monsters_eye":9,"minecraft:polished_blackstone_bricks":8,"simplyswords:iron_halberd":1,"fwaystones:waystone":3,"create:hand_crank":1,"mcda:white_mystery_armor_chestplate":2,"minecraft:purple_terracotta":1,"minecraft:dark_oak_planks":7,"minecraft:arrow":150,"botania:lime_mystical_flower":1,"regions_unexplored:redstone_bulb":1,"minecraft:nether_bricks":25,"ae2:calculation_processor_press":2,"betternether:cincinnasite_fire_bowl":3,"minecraft:nether_brick_wall":1,"minecraft:skeleton_skull":4,"soulsweapons:lord_soul_void":1,"endrem:cursed_eye":1,"modern_industrialization:raw_antimony":7,"minecraft:basalt":50,"minecraft:leather":15,"minecraft:birch_planks":7,"minecraft:mushroom_stew":12,"minecraft:gunpowder":8,"minecraft:nether_wart_block":5,"minecells:health_flask":2,"minecraft:piglin_head":1,"jewelry:tanzanite":1,"minecraft:red_carpet":2,"minecraft:red_nether_brick_stairs":4,"minecells:prison_torch":1,"bewitchment:mandrake_seeds":1,"minecraft:iron_ingot":5,"minecraft:cooked_chicken":1,"minecells:prison_bricks":2,"toms_storage:ts.wireless_terminal":1,"minecraft:soul_sand":5,"minecraft:book":49,"jewelry:topaz":1,"minecraft:black_candle":4,"minecraft:emerald_block":12,"minecraft:quartz":13,"bewitchment:salt":20,"minecraft:red_banner":1,"minecraft:white_bed":1,"minecraft:nether_brick_slab":29,"minecraft:spider_eye":1,"supplementaries:clock_block":1,"regions_unexplored:silver_birch_log":52,"ae2:engineering_processor_press":2,"swampier_swamps:frog_leg":3,"mythicupgrades:sapphire_crystal_block":2,"minecraft:damaged_anvil":5,"minecraft:coal":114},"minecraft:crafted":{"minecraft:bookshelf":6,"fwaystones:abyss_watcher":1,"minecraft:glass":35,"minecraft:diamond_leggings":1,"minecraft:diamond_helmet":1,"techreborn:steel_ingot":27,"create:scoria":2,"minecraft:emerald":234,"minecraft:cooked_porkchop":7,"travelersbackpack:standard":4,"minecraft:smithing_table":1,"minecraft:iron_pickaxe":4,"minecraft:iron_block":49,"minecraft:gold_ingot":98,"minecraft:netherite_ingot":1,"minecraft:spyglass":1,"comforts:sleeping_bag_white":1,"travelersbackpack:gold_tier_upgrade":3,"travelersbackpack:blank_upgrade":4,"fwaystones:waystone":1,"minecraft:stone_pickaxe":7,"minecraft:diamond_boots":1,"toms_storage:ts.inventory_connector":1,"minecraft:dark_oak_planks":636,"minecraft:wheat":441,"archon:channeler":1,"minecraft:glowstone":19,"minecraft:enchanted_book":4,"minecraft:iron_shovel":1,"minecraft:iron_leggings":2,"minecraft:white_bed":1,"minecraft:oak_planks":120,"travelersbackpack:iron":1,"minecraft:cooked_chicken":4,"minecraft:stone":29,"minecraft:iron_boots":3,"toms_storage:ts.storage_terminal":1,"minecraft:comparator":4,"minecraft:chest":30,"travelersbackpack:iron_tier_upgrade":2,"minecraft:crafting_table":1,"minecraft:wooden_pickaxe":1,"minecraft:iron_helmet":4,"toms_storage:ts.wireless_terminal":1,"minecraft:gold_block":79,"minecraft:birch_planks":188,"minecraft:iron_chestplate":2,"minecraft:diamond_pickaxe":1,"minecraft:emerald_block":36,"jewelry:ruby_necklace":1,"travelersbackpack:iron_golem":2,"minecraft:stick":128,"minecraft:iron_ingot":117,"minecraft:redstone_torch":12,"minecraft:coal":54,"minecraft:furnace":3,"minecraft:dark_oak_trapdoor":24,"minecraft:mushroom_stew":17,"toms_storage:ts.adv_wireless_terminal":1,"convenientdecor:unbundled_hay_block":21,"minecraft:iron_axe":1,"toms_storage:ts.inventory_cable":66,"minecraft:netherite_scrap":6,"travelersbackpack:diamond_tier_upgrade":1,"minecraft:cooked_beef":7,"minecraft:crimson_planks":32,"minecraft:bowl":16,"minecraft:stone_axe":1,"minecraft:bread":83,"minecraft:air":0,"archon:grimoire":1,"minecraft:oak_boat":1,"minecraft:white_wool":14,"minecraft:raw_gold":9,"jewelry:ruby_ring":1,"minecraft:stonecutter":1,"minecraft:torch":128,"minecraft:lapis_block":8,"minecraft:diamond_chestplate":1},"minecraft:used":{"minecraft:chest":12,"lootr:trophy":1,"minecraft:rotten_flesh":2,"farmersdelight:fried_rice":20,"beachparty:rubber_ring_axolotl":14,"fishofthieves:cooked_pondie":2,"supplementaries:bomb_blue":1,"minecraft:bow":9,"minecraft:furnace":4,"simplyswords:ribboncleaver":1037,"simplyswords:gold_chakram":1,"minecraft:damaged_anvil":2,"minecraft:diorite":2,"toms_storage:ts.inventory_connector":3,"minecraft:wooden_pickaxe":10,"minecraft:golden_apple":6,"brewery:barrel_main":1,"simplyswords:iron_halberd":65,"endrem:corrupted_eye":1,"supplementaries:clock_block":1,"graveyard:gravestone":2,"minecraft:lectern":17,"minecraft:smithing_table":1,"simplyswords:iron_glaive":10,"minecraft:oak_boat":1,"mcdw:hammer_gravity":1,"minecraft:stone_sword":42,"spellbladenext:monkeystaff":2,"minecraft:netherrack":234,"minecraft:torch":151,"minecraft:anvil":2,"betternether:cincinnasite_fire_bowl":3,"minecells:monsters_eye":5,"simplyswords:diamond_scythe":1,"minecraft:iron_axe":202,"ae2:sky_stone_block":7,"minecraft:mud_bricks":1,"minecraft:diamond_chestplate":2,"minecraft:basalt":33,"minecraft:cobbled_deepslate":195,"minecraft:water_bucket":31,"minecraft:birch_planks":167,"minecraft:polished_blackstone_bricks":4,"paladins:holy_wand":4,"fishofthieves:ancientscale":1,"minecraft:crafting_table":4,"simplyswords:tempest":10,"minecraft:white_bed":1,"minecraft:cake":1,"minecraft:dark_prismarine":14,"minecraft:diamond_pickaxe":2411,"minecraft:iron_pickaxe":594,"minecells:prison_cobblestone":1,"ad_astra:sky_stone":8,"minecraft:cobblestone":289,"minecraft:potion":2,"travelersbackpack:standard":1,"toms_storage:ts.adv_wireless_terminal":2,"minecraft:cooked_porkchop":8,"beachparty:rubber_ring_pelican":17,"fwaystones:waystone":4,"minecells:king_statue":1,"minecraft:iron_shovel":115,"minecraft:shield":52,"minecraft:player_head":1,"toms_storage:ts.storage_terminal":3,"supplementaries:globe":1,"minecraft:iron_chestplate":27,"minecraft:jungle_planks":5,"minecraft:nether_bricks":3,"minecraft:tuff":3,"minecraft:obsidian":18,"simplyswords:arcanethyst":1,"minecraft:skeleton_skull":1,"simplyswords:dormant_relic":578,"minecraft:wither_skeleton_skull":6,"minecraft:stone_pickaxe":369,"minecraft:mangrove_planks":2,"minecraft:oak_planks":88,"travelersbackpack:iron_golem":4,"simplyswords:molten_edge":35,"travelersbackpack:quartz":1,"minecraft:mushroom_stew":42,"minecraft:bread":195,"minecraft:grindstone":5,"minecraft:andesite":9,"brewery:gingerbread":1,"simplyswords:iron_claymore":28,"minecraft:flint_and_steel":4,"minecraft:dirt":20,"twigs:rhyolite":2,"minecraft:granite":8,"minecraft:dark_oak_planks":161,"minecells:bloomrock_tiles":4,"minecraft:bookshelf":6,"minecraft:crimson_slab":1,"minecraft:crimson_planks":14,"minecraft:golden_carrot":1,"minecraft:cooked_beef":7,"minecraft:iron_leggings":1,"minecraft:red_nether_bricks":1,"croptopia:walnut":1,"minecraft:stonecutter":1,"minecraft:lime_bed":1,"minecraft:piglin_head":1,"bosses_of_mass_destruction:soul_star":36,"minecraft:apple":2,"minecraft:cracked_nether_bricks":1,"minecraft:stone_axe":77,"minecells:small_prison_bricks":1,"minecraft:bucket":32,"minecraft:splash_potion":2},"minecraft:broken":{"minecraft:iron_boots":1,"minecraft:iron_leggings":1,"minecraft:iron_pickaxe":2,"minecraft:iron_helmet":3,"beachparty:rubber_ring_axolotl":1,"minecraft:stone_pickaxe":2,"minecraft:golden_chestplate":1},"minecraft:custom":{"minecraft:interact_with_crafting_table":78,"minecraft:open_barrel":6,"minecraft:bell_ring":3,"minecraft:eat_cake_slice":19,"minecraft:leave_game":17,"minecraft:time_since_death":141254,"minecraft:damage_blocked_by_shield":2906,"minecraft:play_time":941210,"minecraft:deaths":4,"minecraft:jump":12118,"minecraft:enchant_item":9,"minecraft:interact_with_furnace":130,"minecraft:traded_with_villager":4,"minecraft:interact_with_cartography_table":3,"minecraft:sleep_in_bed":4,"minecraft:damage_dealt":135189,"minecraft:interact_with_smoker":5,"minecraft:inspect_dispenser":4,"minecraft:interact_with_smithing_table":26,"minecraft:interact_with_anvil":59,"minecraft:inspect_hopper":1,"minecraft:sneak_time":46725,"minecraft:interact_with_lectern":1,"minecraft:interact_with_blast_furnace":6,"minecraft:total_world_time":941210,"minecraft:tune_noteblock":1,"minecraft:interact_with_stonecutter":9,"minecraft:time_since_rest":141893,"minecraft:swim_one_cm":1139101,"minecraft:fly_one_cm":3474282,"minecraft:open_chest":739,"minecraft:fall_one_cm":336247,"lootr:looted_stat":639,"minecraft:animals_bred":2,"minecraft:damage_resisted":159,"minecraft:sprint_one_cm":2491747,"minecraft:drop":348,"minecraft:talked_to_villager":96,"minecraft:interact_with_brewingstand":8,"minecraft:walk_on_water_one_cm":419148,"minecraft:player_kills":1,"minecraft:crouch_one_cm":143351,"minecraft:mob_kills":651,"minecraft:damage_dealt_resisted":0,"minecraft:climb_one_cm":35643,"minecraft:walk_one_cm":1806078,"minecraft:walk_under_water_one_cm":247072,"minecraft:boat_one_cm":13257,"minecraft:raid_trigger":1,"minecraft:interact_with_grindstone":4,"minecraft:hex":0,"minecraft:damage_taken":17728,"minecraft:damage_absorbed":218,"minecraft:threat":2},"minecraft:mined":{"minecraft:dark_oak_planks":11,"minecraft:red_nether_brick_slab":1,"winterly:raw_cryomarble_shard":2,"minecraft:blue_carpet":2,"minecells:putrid_fence":9,"minecraft:blackstone_stairs":1,"minecraft:white_bed":2,"minecraft:red_nether_bricks":27,"minecraft:obsidian":30,"minecraft:granite":29,"minecraft:chiseled_polished_blackstone":3,"minecraft:stone_brick_wall":1,"minecraft:coal_block":19,"minecraft:deepslate_bricks":1,"betternether:jungle_moss":1,"minecraft:spawner":28,"minecraft:polished_blackstone_bricks":9,"minecraft:magma_block":51,"minecraft:fire":61,"minecraft:cobbled_deepslate":37,"techreborn:deepslate_lead_ore":1,"minecraft:deepslate_lapis_ore":4,"minecraft:nether_brick_stairs":11,"toms_storage:ts.inventory_connector":2,"minecraft:water_cauldron":1,"minecraft:dirt_path":1,"minecraft:oak_stairs":1,"minecells:wilted_wall_leaves":4,"minecraft:light_gray_concrete":6,"minecells:king_statue":1,"minecraft:deepslate_brick_stairs":1,"betternether:cincinnasite_fire_bowl":4,"minecraft:smooth_sandstone_stairs":1,"betterarcheology:loot_vase":1,"regions_unexplored:silt_grass_block":2,"minecraft:player_head":1,"minecraft:tripwire":3,"archon:fire_node":2,"minecraft:brown_mushroom":13,"techreborn:deepslate_bauxite_ore":5,"betternether:eyeball":1,"minecells:corpse":1,"minecraft:piglin_head":1,"mythicupgrades:sapphire_crystal_block":2,"minecraft:polished_andesite_stairs":4,"create:scoria":2,"minecraft:nether_brick_slab":33,"indrev:sulfur_crystal":2,"minecraft:damaged_anvil":5,"minecraft:sugar_cane":3,"minecraft:bricks":1,"powah:deepslate_uraninite_ore_poor":8,"modern_industrialization:deepslate_uranium_ore":3,"minecells:bloomrock":5,"minecraft:mud":1,"minecraft:light_gray_stained_glass":2,"minecraft:stone_brick_stairs":5,"ae2:flawed_budding_quartz":3,"minecraft:grass":19,"ae2:small_quartz_bud":1,"create:hand_crank":1,"minecraft:smooth_quartz":6,"minecraft:smooth_basalt":9,"twigs:rhyolite":23,"minecraft:red_mushroom_block":1,"promenade:asphalt":9,"minecraft:deepslate":569,"supplementaries:clock_block":1,"create:zinc_ore":4,"botania:magenta_mushroom":1,"techreborn:sapphire_ore":6,"minecraft:deepslate_tiles":3,"minecraft:dark_prismarine":15,"minecraft:mossy_cobblestone":5,"regions_unexplored:cypress_leaves":7,"minecraft:nether_brick_wall":1,"minecraft:dark_oak_log":2,"regions_unexplored:dusktrap":1,"minecraft:jack_o_lantern":3,"minecraft:cyan_stained_glass":2,"betternether:blackstone_stalactite":3,"minecraft:nether_bricks":31,"minecraft:spruce_fence":1,"minecraft:jungle_planks":5,"minecells:prison_stone":5,"techreborn:bauxite_ore":2,"minecraft:red_mushroom":10,"minecraft:moss_block":3,"croptopia:pecan_crop":1,"minecraft:packed_mud":3,"techreborn:lead_ore":13,"ae2:damaged_budding_quartz":3,"minecraft:andesite":37,"minecraft:vine":1,"minecraft:smooth_quartz_stairs":2,"ae2:sky_stone_block":80,"ad_astra:sky_stone":25,"minecraft:bone_block":12,"minecraft:white_wool":1,"twigs:opaline_seashell":1,"techreborn:deepslate_silver_ore":2,"minecraft:soul_sand":7,"minecraft:brown_carpet":4,"minecraft:smooth_sandstone":1,"regions_unexplored:silt_dirt":1,"minecraft:crimson_slab":1,"minecraft:copper_ore":15,"minecraft:tall_grass":3,"minecraft:deepslate_gold_ore":56,"minecraft:diorite":161,"minecraft:red_terracotta":2,"croptopia:walnut_crop":1,"ae2:flawless_budding_quartz":3,"jewelry:deepslate_gem_vein":6,"minecraft:dark_oak_wall_sign":1,"techreborn:ruby_ore":5,"twigs:tangerine_seashell":1,"minecraft:torchflower":1,"betternether:wall_mushroom_red":2,"minecraft:gravel":3,"minecraft:cobweb":68,"minecraft:acacia_planks":1,"minecraft:polished_blackstone":13,"minecraft:stone_bricks":13,"minecraft:gold_ore":3,"minecraft:chipped_anvil":3,"minecraft:fern":3,"create:deepslate_zinc_ore":6,"minecraft:spruce_planks":1,"minecells:small_prison_bricks":2,"minecraft:brewing_stand":1,"minecraft:stripped_crimson_hyphae":1,"minecraft:grass_block":40,"ae2:quartz_cluster":1,"minecraft:cracked_polished_blackstone_bricks":3,"twigs:twig":1,"modern_industrialization:lignite_coal_ore":9,"minecraft:polished_blackstone_brick_slab":2,"minecraft:polished_diorite":1,"minecells:putrid_board_block":2,"minecraft:mud_bricks":8,"betternether:cincinnasite_ore":3,"minecraft:gilded_blackstone":20,"regions_unexplored:blue_bioshroom_block":1,"minecraft:glowstone":6,"minecraft:red_nether_brick_stairs":5,"minecraft:iron_ore":45,"toms_storage:ts.storage_terminal":2,"minecraft:anvil":2,"twigs:silt":1,"minecraft:brown_bed":1,"minecraft:iron_bars":8,"minecraft:black_candle":1,"graveyard:small_brown_urn":1,"techreborn:deepslate_galena_ore":3,"minecraft:spruce_slab":4,"minecraft:waxed_cut_copper_stairs":2,"minecraft:deepslate_redstone_ore":7,"minecells:prison_bricks":4,"modern_industrialization:deepslate_tungsten_ore":3,"minecraft:polished_blackstone_wall":1,"minecraft:blackstone":34,"minecraft:orange_terracotta":3,"minecraft:soul_lantern":1,"minecraft:calcite":32,"techreborn:deepslate_tin_ore":8,"minecraft:chest":4,"minecraft:wither_skeleton_wall_skull":3,"minecraft:nether_quartz_ore":13,"minecraft:cobblestone":37,"graveyard:gravestone":1,"minecraft:grindstone":6,"minecraft:oak_planks":6,"minecraft:wall_torch":4,"minecraft:iron_door":17,"betternether:nether_ruby_ore":8,"modern_industrialization:deepslate_lignite_coal_ore":2,"botania:blue_mushroom":1,"lootr:trophy":1,"minecraft:nether_wart_block":5,"minecraft:tnt":1,"minecraft:yellow_stained_glass_pane":2,"ae2:quartz_block":5,"minecraft:oak_log":3,"minecraft:sand":2,"minecraft:dirt":134,"minecraft:crimson_planks":6,"betternether:nether_redstone_ore":2,"create:encased_chain_drive":12,"minecraft:tripwire_hook":1,"minecraft:ancient_debris":4,"minecraft:netherrack":375,"minecraft:oak_leaves":17,"minecraft:emerald_block":15,"soulsweapons:verglas_ore":1,"ae2:chipped_budding_quartz":4,"minecraft:nether_gold_ore":33,"minecraft:crying_obsidian":1,"brewery:barrel_main":1,"minecraft:red_carpet":2,"minecraft:tuff":66,"minecraft:dark_oak_leaves":7,"minecraft:deepslate_diamond_ore":15,"modern_industrialization:deepslate_antimony_ore":6,"brewery:gingerbread":1,"minecraft:gray_stained_glass_pane":2,"minecraft:purple_terracotta":2,"minecells:prison_cobblestone":1,"techreborn:sphalerite_ore":2,"minecraft:mangrove_trapdoor":2,"indrev:deepslate_lead_ore":1,"minecraft:cracked_nether_bricks":2,"minecraft:hay_block":51,"botania:purple_mushroom":1,"minecraft:deepslate_brick_slab":1,"minecraft:furnace":2,"minecraft:raw_gold_block":9,"minecraft:black_glazed_terracotta":1,"treechop:chopped_log":16,"minecells:crate":1,"indrev:deepslate_nikolite_ore":15,"ae2:mysterious_cube":2,"minecraft:bell":1,"minecraft:nether_brick_fence":5,"soulsweapons:moonstone_ore_deepslate":8,"minecraft:bookshelf":14,"minecraft:shroomlight":1,"minecraft:deepslate_iron_ore":47,"bewitchment:salt_ore":2,"minecraft:stripped_acacia_log":1,"betternether:nether_lapis_ore":4,"minecraft:stone":576,"regions_unexplored:redstone_bulb":1,"minecraft:infested_stone_bricks":1,"regions_unexplored:silver_birch_leaf_pile":1,"minecraft:basalt":55,"supplementaries:ashen_basalt":1,"minecraft:crafting_table":3,"botania:yellow_double_flower":1,"minecraft:gray_stained_glass":1,"twigs:roseate_seashell":1,"minecraft:lectern":18,"modern_industrialization:nickel_ore":2,"minecells:alchemy_equipment_0":1,"minecraft:lapis_ore":5,"betternether:rubeus_leaves":8,"minecells:small_crate":2,"techreborn:tin_ore":12,"supplementaries:urn":30,"minecraft:birch_planks":7,"minecraft:lime_bed":1,"ae2:medium_quartz_bud":1,"regions_unexplored:redstone_bud":5,"minecraft:polished_blackstone_stairs":1,"twigs:bloodstone":8,"minecraft:ice":3,"modern_industrialization:antimony_ore":1,"minecraft:mangrove_planks":2,"snifferplus:ivy_head":1,"minecraft:mangrove_slab":2,"minecraft:coal_ore":67,"minecraft:gray_carpet":2,"minecells:hanged_skeleton":1,"regions_unexplored:blackwood_leaves":12,"minecraft:polished_andesite":1,"minecraft:mossy_stone_bricks":4,"minecraft:crimson_fence":1,"create:andesite_encased_shaft":2},"minecraft:dropped":{"soulsweapons:bluemoon_shortsword":1,"minecells:sewer_calamari":9,"minecraft:porkchop":1,"minecraft:lapis_lazuli":48,"betternether:blackstone_stalactite":10,"minecraft:glass_bottle":2,"minecells:tentacle":2,"minecells:monsters_eye":1,"minecraft:red_mushroom":2,"minecraft:item_frame":25,"minecraft:emerald":1,"modern_industrialization:raw_nickel":2,"techreborn:raw_tin":2,"minecraft:jack_o_lantern":1,"minecraft:chain":31,"minecraft:gold_nugget":88,"minecraft:phantom_membrane":1,"minecraft:dark_oak_planks":18,"minecraft:mangrove_slab":1,"minecraft:bone":58,"minecraft:waxed_cut_copper_stairs":2,"bewitchment:salt":18,"minecraft:cooked_chicken":4,"minecraft:golden_chestplate":1,"minecraft:cobbled_deepslate":88,"minecraft:birch_sapling":2,"minecraft:rotten_flesh":52,"minecraft:nether_brick_fence":2,"artifacts:everlasting_beef":1,"minecraft:black_glazed_terracotta":1,"beachparty:rubber_ring_axolotl":2,"supplementaries:flax_seeds":1,"artifacts:umbrella":1,"modern_industrialization:raw_antimony":1,"minecraft:red_nether_bricks":11,"minecraft:egg":1,"minecraft:enchanted_book":10,"minecraft:iron_ingot":5,"minecraft:wheat_seeds":5,"minecraft:polished_blackstone":4,"minecraft:iron_helmet":1,"minecraft:cobblestone":19,"minecraft:book":4,"minecraft:apple":3,"minecraft:granite":19,"minecraft:coal_block":1,"minecraft:coal":17,"minecraft:golden_apple":1,"minecraft:golden_carrot":2,"minecells:putrid_fence":3,"regions_unexplored:dusktrap":1,"simplyswords:molten_edge":1,"travelersbackpack:blank_upgrade":1,"minecraft:white_banner":4,"regions_unexplored:silver_birch_leaf_pile":5,"minecraft:string":33,"twigs:opaline_seashell":1,"minecraft:blue_carpet":2,"minecraft:acacia_planks":1,"twigs:rhyolite":11,"minecraft:stone_sword":2,"minecraft:bowl":15,"minecraft:iron_boots":1,"betternether:cincinnasite":8,"promenade:asphalt":8,"minecraft:nether_bricks":19,"betterarcheology:torrent_totem":1,"minecraft:suspicious_stew":1,"minecraft:hay_block":1,"bewitchment:mandrake_seeds":1,"minecraft:spruce_planks":3,"bewitchment:ectoplasm":2,"create:hand_crank":1,"endrem:cursed_eye":1,"minecells:guts":12,"minecraft:stone_bricks":2,"minecraft:bow":1,"minecraft:bell":1,"minecraft:magma_block":40,"botania:lime_mystical_flower":1,"simplyswords:iron_claymore":1,"minecraft:nether_brick_stairs":7,"minecraft:moss_block":1,"minecraft:brown_mushroom":16,"minecraft:birch_planks":16,"minecraft:ender_pearl":1,"minecraft:dark_oak_sapling":33,"minecells:electric_whip":1,"minecraft:scute":1,"minecraft:leather":1,"minecraft:raw_gold_block":2,"minecraft:flint":6,"immersive_armors:steampunk_chestplate":1,"graveyard:small_brown_urn":1,"minecraft:cracked_polished_blackstone_bricks":1,"archon:gust_tome":5,"minecells:infected_flesh":1,"archon:propel_tome":4,"minecraft:dark_oak_log":1,"minecraft:cornflower":2,"minecraft:cooked_cod":1,"minecraft:gilded_blackstone":12,"minecraft:polished_blackstone_bricks":2,"spellbladenext:flaming_falchion":1,"twigs:twig":22,"supplementaries:timber_cross_brace":1,"simplyswords:runic_tablet":3,"minecraft:blackstone":10,"archon:cloudshot_tome":2,"spellbladenext:crystal_cutlass":1,"immersive_armors:steampunk_leggings":1,"simplyswords:arcanethyst":1,"betternether:netherrack_stalactite":6,"archon:thunder_strike_tome":2,"travelersbackpack:iron":1,"indrev:raw_lead":1,"minecraft:poppy":1,"supplementaries:ash":4,"minecraft:gunpowder":3,"archon:incombustible_tome":2,"minecraft:skeleton_skull":2,"mcdw:axe_axe":1,"minecraft:chainmail_boots":1,"minecraft:basalt":6,"minecraft:arrow":48,"minecraft:quartz":6,"minecraft:netherrack":14,"minecraft:splash_potion":1,"minecraft:bread":7,"techreborn:raw_lead":1,"mcda:white_mystery_armor_chestplate":1,"regions_unexplored:silver_birch_sapling":8,"minecraft:nether_brick_wall":1,"minecraft:stick":4,"twigs:bloodstone":3,"minecraft:diorite":6,"minecraft:nether_wart_block":4,"swampier_swamps:frog_leg":3,"minecraft:iron_door":4,"travelersbackpack:enderman":1,"minecraft:iron_leggings":1,"minecraft:polished_blackstone_brick_slab":2,"minecraft:polished_andesite_stairs":5,"minecraft:redstone":9,"simplyswords:whisperwind":1,"minecraft:bubble_coral":4,"minecraft:nether_brick_slab":29,"twigs:petrified_lichen":1,"create:shaft":2,"minecraft:nether_wart":2,"croptopia:cashew":2,"minecraft:tuff":32,"simplyswords:ribboncleaver":2,"simplyswords:dormant_relic":1,"create:encased_chain_drive":12,"toms_storage:ts.wireless_terminal":1,"minecraft:red_terracotta":2,"simplyswords:watcher_claymore":1,"spellbladenext:monkeystaff":1,"minecraft:red_nether_brick_stairs":4,"betternether:lapis_pile":16,"minecraft:mud_bricks":4,"minecraft:shield":1,"create:veridium":5,"minecraft:iron_chestplate":2,"minecraft:andesite":27,"minecraft:mossy_stone_bricks":1,"prominent:knowledge_scroll":1,"minecraft:oak_sapling":21,"artifacts:cross_necklace":1,"minecraft:stripped_acacia_log":1,"minecraft:stone_pickaxe":4,"minecraft:wooden_pickaxe":1,"minecraft:raw_gold":3},"minecraft:killed_by":{"naturalist:hippo":1,"minecells:leaping_zombie":1,"creeperoverhaul:jungle_creeper":1,"minecraft:player":1},"minecraft:killed":{"minecraft:cave_spider":6,"betternether:skull":1,"promenade:sunken_skeleton":5,"naturalist:robin":1,"betternether:firefly":1,"naturalist:boar":4,"minecraft:skeleton":78,"minecraft:fox":1,"minecraft:chicken":3,"creeperoverhaul:jungle_creeper":1,"minecells:sewers_tentacle":3,"minecells:protector":4,"minecells:grenadier":5,"minecraft:magma_cube":18,"minecraft:iron_golem":1,"mutantmonsters:mutant_skeleton":1,"minecraft:pillager":68,"bewitchment:owl":1,"tinyskeletons:baby_skeleton":4,"minecraft:zombie":94,"minecells:shieldbearer":6,"minecraft:cow":8,"minecells:mutated_bat":8,"minecraft:vindicator":11,"minecells:undead_archer":3,"naturalist:deer":1,"adventurez:orc":2,"minecraft:husk":11,"graveyard:ghoul":5,"mythicmounts:firebird":1,"naturalist:bear":1,"minecraft:frog":2,"minecraft:ravager":1,"minecraft:enderman":4,"graveyard:skeleton_creeper":2,"minecraft:witch":3,"minecraft:zombified_piglin":10,"minecraft:spider":17,"creeperoverhaul:bamboo_creeper":1,"creeperoverhaul:dark_oak_creeper":2,"minecraft:illusioner":1,"minecells:leaping_zombie":44,"betternether:hydrogen_jellyfish":1,"mythicmounts:moth":1,"minecraft:piglin":8,"minecraft:pig":7,"minecraft:zombie_villager":4,"minecraft:creeper":4,"minecraft:blaze":74,"graveyard:revenant":1,"bewitchment:ghost":4,"minecraft:phantom":5,"mythicmobs:chupacabra":3,"minecraft:drowned":1,"adventurez:piglin_beast":1,"betternether:naga":6,"minecells:runner":6,"naturalist:butterfly":2,"creeperoverhaul:spruce_creeper":2,"minecraft:bat":1,"minecraft:hoglin":1,"betternether:jungle_skeleton":1,"creeperoverhaul:ocean_creeper":1,"friendsandfoes:moobloom":5,"tinyskeletons:baby_wither_skeleton":2,"minecraft:wither_skeleton":58,"minecraft:player":1,"minecraft:villager":2}},"DataVersion":3465}