{"stats":{"minecraft:broken":{"minecraft:stone_pickaxe":2,"simplyswords:iron_halberd":1,"techreborn:sapphire_boots":1,"techreborn:sapphire_helmet":1,"minecraft:iron_pickaxe":1,"indrev:steel_leggings":1},"minecraft:mined":{"minecraft:dark_oak_planks":4,"minecraft:waxed_cut_copper_slab":1,"minecraft:spruce_planks":2,"minecraft:white_bed":1,"betternether:cincinnasite_pedestal":1,"minecells:putrid_fence":8,"croptopia:grape_crop":1,"minecraft:red_nether_bricks":5,"minecraft:obsidian":5,"minecraft:granite":2,"minecraft:grass_block":7,"twigs:twig":1,"minecraft:soul_soil":3,"minecraft:spawner":1,"minecraft:polished_blackstone_bricks":1,"minecells:arrow_sign":1,"minecraft:iron_ore":8,"minecells:prison_cobblestone_stairs":4,"minecells:prison_brick_stairs":1,"minecraft:fire":24,"minecraft:cobbled_deepslate":2,"minecraft:anvil":4,"regions_unexplored:silver_birch_leaves":1,"minecraft:stripped_dark_oak_wood":1,"minecraft:enchanting_table":2,"create:asurine":12,"minecells:prison_torch":2,"minecraft:oak_stairs":1,"minecraft:iron_bars":20,"minecells:king_statue":1,"bewitchment:deepslate_salt_ore":5,"create:veridium":5,"minecells:small_prison_brick_slab":1,"minecraft:jungle_trapdoor":1,"minecraft:waxed_cut_copper_stairs":1,"archon:fire_node":2,"minecells:prison_bricks":35,"minecraft:brown_mushroom":14,"minecraft:soul_fire":1,"minecraft:powder_snow":2,"minecells:putrid_planks":29,"minecraft:calcite":1,"minecells:skeleton":1,"minecraft:chest":23,"minecraft:mushroom_stem":2,"minecraft:nether_quartz_ore":14,"minecraft:cobblestone":5,"minecraft:sugar_cane":1,"minecraft:oak_planks":10,"betternether:nether_ruby_ore":7,"powah:deepslate_uraninite_ore_poor":2,"modern_industrialization:deepslate_lignite_coal_ore":27,"minecraft:chain":8,"minecraft:light_gray_wool":2,"minecraft:grass":7,"minecraft:dirt":34,"minecraft:sand":1,"betternether:nether_redstone_ore":27,"minecraft:deepslate":61,"minecraft:smooth_basalt":5,"minecraft:netherrack":176,"minecraft:oak_leaves":3,"techreborn:sapphire_ore":3,"minecraft:tuff":7,"minecraft:dark_oak_leaves":4,"minecraft:candle":4,"minecells:putrid_trapdoor":14,"minecraft:nether_bricks":2,"minecells:prison_cobblestone":89,"minecells:prison_brick_slab":3,"minecells:prison_stone":23,"create:ochrum":13,"minecraft:brown_mushroom_block":9,"minecraft:red_mushroom":31,"minecraft:cracked_nether_bricks":1,"minecraft:furnace":3,"minecells:prison_cobblestone_wall":2,"create:scorchia":12,"minecraft:andesite":7,"treechop:chopped_log":9,"regions_unexplored:frozen_grass":3,"minecells:crate":15,"minecraft:peony":1,"betternether:pig_statue_respawner":2,"minecraft:bookshelf":32,"bewitchment:salt_ore":5,"minecells:cage":1,"croptopia:cashew_crop":2,"bosses_of_mass_destruction:gauntlet_blackstone":1,"betternether:nether_lapis_ore":7,"minecraft:smooth_quartz_stairs":2,"minecraft:stone":237,"minecraft:white_wool":1,"twigs:pebble":1,"minecraft:soul_sand":6,"minecraft:basalt":7,"minecraft:crafting_table":3,"minecraft:tall_grass":2,"croptopia:blackbean_crop":2,"minecells:brittle_barrel":4,"minecraft:lapis_ore":4,"minecells:small_crate":16,"techreborn:rubber_leaves":1,"croptopia:walnut_crop":8,"minecraft:red_terracotta":2,"minecraft:coarse_dirt":1,"minecraft:birch_leaves":9,"minecells:red_wilted_leaves":1,"techreborn:pyrite_ore":4,"betternether:wall_mushroom_red":2,"minecraft:mangrove_slab":1,"minecraft:coal_ore":24,"minecraft:gravel":25,"minecraft:dripstone_block":26,"minecraft:cobweb":9,"minecraft:stone_bricks":4,"minecraft:fern":1,"create:deepslate_zinc_ore":15},"minecraft:picked_up":{"minecraft:iron_chestplate":2,"minecraft:anvil":4,"beachparty:rubber_ring_axolotl":1,"simplyswords:watcher_claymore":1,"croptopia:grape_seed":4,"minecells:prison_cobblestone_stairs":16,"minecells:small_prison_bricks":30,"artifacts:umbrella":1,"betternether:pig_statue_respawner":2,"soulsweapons:moonstone":3,"minecraft:enchanted_book":71,"minecells:buzzcutter_fang":1,"minecraft:polished_blackstone_brick_stairs":6,"minecraft:string":67,"minecraft:waxed_cut_copper_slab":3,"minecraft:soul_soil":3,"betternether:blue_obsidian":5,"minecraft:red_nether_bricks":2,"minecraft:iron_leggings":1,"minecraft:shroomlight":2,"minecells:tentacle":4,"bosses_of_mass_destruction:soul_star":1,"minecraft:gold_nugget":6,"minecraft:cobbled_deepslate":441,"travelersbackpack:enderman":1,"modern_industrialization:raw_uranium":2,"minecells:quick_bow":2,"twigs:pebble":4,"indrev:steel_helmet":1,"minecraft:iron_pickaxe":2,"minecells:molten_chunk":14,"minecells:transposition_core":1,"minecraft:iron_boots":1,"simplyswords:molten_edge":1,"minecraft:furnace":3,"paladins:diamond_claymore":2,"minecraft:golden_helmet":2,"minecells:guts":40,"minecraft:stick":6,"minecraft:torch":1,"croptopia:blackbean":1,"botania:black_mushroom":1,"ironchests:blank_chest_upgrade":1,"minecells:balanced_blade":4,"travelersbackpack:diamond_tier_upgrade":1,"simplyswords:dormant_relic":1,"simplyswords:tempest":1,"minecells:putrid_fence":4,"indrev:raw_lead":1,"betternether:lapis_pile":31,"minecraft:waxed_cut_copper_stairs":3,"mutantmonsters:hulk_hammer":1,"simplyswords:diamond_warglaive":1,"minecraft:stone_sword":2,"minecraft:rotten_flesh":63,"create:clipboard":2,"minecells:cell_infused_steel":3,"create:ochrum":20,"minecells:black_bridge_dimensional_rune":1,"create:asurine":12,"create:veridium":5,"minecells:prison_cobblestone_wall":11,"mcdw:axe_axe":1,"supplementaries:quiver":3,"minecells:small_crate":68,"minecraft:blaze_rod":5,"minecraft:obsidian":14,"minecraft:iron_bars":100,"minecraft:cobblestone":473,"minecraft:enchanting_table":2,"archon:fire_gem":1,"minecraft:andesite":7,"minecells:crate":65,"minecells:small_prison_brick_slab":1,"minecraft:flint":3,"minecraft:tuff":32,"create:raw_zinc":15,"adventurez:gilded_blackstone_shard":2,"croptopia:walnut":9,"simplyswords:whisperwind":1,"minecraft:lapis_lazuli":115,"minecraft:dirt":44,"minecraft:name_tag":1,"minecraft:bone":20,"frostiful:frost_tipped_arrow":3,"minecraft:wheat_seeds":2,"simplyswords:ribboncleaver":2,"ftbquests:book":1,"fishofthieves:earthworms":2,"spellbladenext:frost_claymore":1,"minecraft:glowstone_dust":2,"twigs:twig":10,"simplyswords:diamond_sai":1,"minecraft:oak_planks":20,"mcda:phantom_skin":1,"minecraft:cooked_porkchop":1,"patchouli:guide_book":6,"betternether:wall_moss":7,"minecells:prison_brick_slab":9,"minecraft:grass_block":1,"minecells:metal_shards":23,"minecells:cudgel":6,"minecells:prison_brick_stairs":5,"techreborn:sapphire_gem":4,"minecraft:dark_oak_log":87,"techreborn:bauxite_ore":2,"techreborn:peridot_gem":1,"simplyswords:diamond_claymore":1,"minecells:putrid_trapdoor":37,"minecells:explosive_bulb":24,"minecells:marksmans_bow":1,"minecraft:cracked_polished_blackstone_bricks":1,"minecraft:granite":4,"minecraft:golden_apple":3,"spellbladenext:frost_blade":1,"soulsweapons:verglas":1,"minecraft:bread":6,"minecraft:emerald":10,"bewitchment:ectoplasm":2,"indrev:nikolite_dust":40,"minecraft:oak_sapling":34,"minecraft:netherrack":160,"croptopia:cashew":2,"minecells:boss_stem_cell":2,"modern_industrialization:lignite_coal":27,"minecraft:charcoal":7,"minecraft:coarse_dirt":1,"simplyswords:iron_glaive":3,"minecraft:crafting_table":3,"minecraft:splash_potion":1,"minecraft:chicken":1,"techreborn:pyrite_dust":4,"minecells:brittle_barrel":1,"minecraft:brown_mushroom":90,"minecells:king_statue":1,"minecraft:chain":24,"minecraft:shield":3,"minecraft:jungle_trapdoor":1,"create:scorchia":12,"minecraft:blackstone":1,"graveyard:corruption":1,"simplyswords:runic_tablet":8,"minecells:sewer_calamari":16,"minecraft:candle":2,"spellbladenext:crystal_cutlass":1,"minecraft:beef":10,"minecells:vine_rune":1,"minecraft:sugar_cane":10,"minecraft:iron_nugget":40,"minecraft:light_gray_wool":2,"minecraft:chest":23,"minecraft:birch_sapling":1,"minecraft:egg":1,"minecraft:dark_oak_sapling":7,"minecraft:raw_iron":12,"betternether:wall_mushroom_red":6,"jewelry:jade":1,"minecraft:bowl":12,"croptopia:blackbean_seed":4,"minecells:monsters_eye":8,"minecells:arcane_goo":7,"minecraft:polished_blackstone_bricks":25,"minecraft:carrot":2,"simplyswords:diamond_longsword":5,"betternether:nether_ruby":9,"minecraft:redstone":16,"minecraft:dark_oak_planks":13,"croptopia:grape":1,"fwaystones:waystone_scroll":1,"artifacts:everlasting_beef":1,"minecraft:arrow":47,"mcda:phantom_bones":1,"minecraft:peony":1,"minecraft:nether_bricks":2,"artifacts:cross_necklace":1,"minecraft:gold_ingot":170,"minecraft:skeleton_skull":1,"minecraft:white_wool":4,"betternether:basalt_stalactite":1,"minecraft:stripped_oak_log":1,"simplyswords:iron_katana":5,"minecraft:basalt":7,"artifacts:eternal_steak":1,"minecraft:golden_carrot":1,"minecraft:tripwire_hook":1,"minecraft:leather":8,"minecraft:red_mushroom":94,"minecraft:birch_planks":35,"simplyswords:iron_claymore":3,"minecraft:oak_log":30,"minecraft:gunpowder":6,"minecells:cage":3,"betternether:cincinnasite_pedestal":1,"minecraft:paper":102,"minecells:health_flask":4,"minecraft:cooked_mutton":5,"minecells:putrid_planks":7,"minecells:arrow_sign":1,"minecraft:apple":7,"minecraft:stone_bricks":3,"supplementaries:globe_sepia":1,"minecells:prison_torch":5,"minecraft:iron_ingot":9,"minecraft:stone_pickaxe":1,"minecraft:cooked_chicken":4,"minecells:prison_bricks":38,"minecraft:glass_bottle":3,"minecraft:soul_sand":14,"minecraft:book":115,"minecraft:smooth_basalt":5,"betternether:black_bush":4,"minecells:prison_cobblestone":136,"minecells:monster_cell":101,"minecraft:quartz":2,"minecells:infected_flesh":39,"minecraft:dripstone_block":24,"minecraft:gravel":22,"bewitchment:salt":32,"powah:uraninite_raw":10,"minecraft:white_bed":1,"simplyswords:gold_rapier":5,"minecraft:spider_eye":1,"minecells:red_putrid_sapling":9,"simplyswords:gold_halberd":4,"paladins:holy_wand":3,"minecraft:iron_helmet":3,"techreborn:raw_tin":14,"minecraft:coal":29,"minecells:blood_sword":6,"minecraft:ender_pearl":2},"minecraft:custom":{"lootr:looted_stat":176,"minecraft:interact_with_crafting_table":65,"minecraft:eat_cake_slice":2,"minecraft:leave_game":8,"minecraft:time_since_death":20042,"minecraft:damage_resisted":0,"minecraft:sprint_one_cm":2460575,"minecraft:drop":436,"minecraft:talked_to_villager":6,"minecraft:play_time":756240,"minecraft:deaths":14,"minecraft:jump":6694,"minecraft:interact_with_brewingstand":1,"minecraft:walk_on_water_one_cm":119664,"minecraft:enchant_item":36,"minecraft:interact_with_furnace":67,"minecraft:sleep_in_bed":5,"minecraft:damage_dealt":62643,"minecraft:player_kills":1,"minecraft:crouch_one_cm":25889,"minecraft:interact_with_smithing_table":2,"minecraft:interact_with_anvil":27,"minecraft:mob_kills":300,"minecraft:damage_dealt_resisted":0,"minecraft:climb_one_cm":26310,"minecraft:walk_one_cm":1399045,"minecraft:sneak_time":8580,"minecraft:walk_under_water_one_cm":49263,"minecraft:boat_one_cm":37632,"minecraft:interact_with_blast_furnace":1,"minecraft:total_world_time":756240,"minecraft:interact_with_stonecutter":1,"minecraft:hex":0,"minecraft:time_since_rest":20073,"minecraft:damage_absorbed":84,"minecraft:damage_taken":18488,"minecraft:swim_one_cm":234044,"minecraft:fly_one_cm":2998975,"minecraft:open_chest":718,"minecraft:threat":2,"minecraft:fall_one_cm":260876},"minecraft:used":{"minecells:king_statue":1,"create:scorchia":12,"minecraft:chest":28,"minecraft:rotten_flesh":2,"minecraft:soul_sand":6,"simplyswords:diamond_sai":2,"beachparty:rubber_ring_axolotl":270,"minecraft:birch_sapling":1,"minecraft:oak_sapling":3,"minecells:brittle_barrel":1,"minecraft:bow":467,"minecraft:furnace":13,"minecraft:egg":6,"simplyswords:ribboncleaver":428,"minecraft:stone_pickaxe":249,"minecraft:wooden_pickaxe":12,"artifacts:eternal_steak":1,"simplyswords:diamond_halberd":2,"minecraft:golden_apple":2,"minecraft:white_wool":1,"simplyswords:diamond_warglaive":5,"minecraft:mushroom_stew":68,"simplyswords:iron_halberd":921,"simplyswords:watcher_claymore":1,"mcdw:axe_axe":215,"betternether:pig_statue_respawner":1,"minecells:tentacle":7,"minecraft:bread":118,"indrev:steel_leggings":1,"minecraft:oak_boat":1,"simplyswords:toxic_longsword":2,"minecraft:experience_bottle":1,"minecraft:cobweb":1,"minecraft:stone_sword":18,"minecraft:flint_and_steel":27,"minecraft:enchanting_table":3,"simplyswords:iron_claymore":77,"minecraft:stone_shovel":50,"spellbladenext:crystal_cutlass":1,"minecraft:cooked_chicken":4,"minecraft:netherrack":70,"minecraft:anvil":5,"minecraft:dirt":26,"simplyswords:diamond_longsword":109,"minecells:monsters_eye":12,"minecraft:bookshelf":21,"supplementaries:globe_sepia":1,"simplyswords:diamond_scythe":3,"minecells:blood_sword":1,"minecells:guts":85,"minecraft:smooth_basalt":1,"minecraft:basalt":4,"minecraft:golden_carrot":4,"minecraft:cooked_beef":10,"minecraft:cobbled_deepslate":2,"minecraft:cooked_mutton":5,"minecraft:water_bucket":7,"mcda:emerald_gear_leggings":1,"minecells:prison_bricks":31,"indrev:steel_chestplate":267,"simplyswords:tempest":2,"minecells:arrow_sign":1,"minecraft:crafting_table":8,"minecells:prison_stone":55,"minecraft:white_bed":2,"minecells:sewer_calamari":4,"minecraft:diamond_pickaxe":613,"minecraft:iron_pickaxe":110,"minecells:prison_cobblestone":43,"justhammers:stone_hammer":76,"minecraft:stone_axe":47,"minecells:small_prison_bricks":22,"minecells:prison_torch":4,"minecraft:cobblestone":67,"minecraft:cooked_porkchop":1,"minecraft:bucket":7,"minecells:red_putrid_sapling":3,"spellbladenext:frost_claymore":1},"minecraft:crafted":{"minecraft:oak_planks":60,"minecraft:bookshelf":21,"minecraft:bow":2,"minecraft:chest":4,"techreborn:steel_ingot":54,"minecraft:cooked_porkchop":7,"minecraft:crafting_table":5,"mcdw:axe_axe":1,"minecraft:wooden_pickaxe":1,"minecraft:iron_helmet":1,"minecells:prison_stone":59,"fishofthieves:cooked_pondie":2,"jewelry:topaz_ring":1,"techreborn:sapphire_boots":1,"minecraft:book":1,"minecraft:charcoal":15,"minecraft:diamond_pickaxe":1,"minecraft:stick":44,"minecraft:iron_ingot":12,"minecraft:iron_pickaxe":1,"minecraft:iron_block":3,"minecraft:stone_sword":1,"minecraft:gold_ingot":18,"simplyswords:diamond_halberd":1,"betternether:nether_ruby_chestplate":1,"minecraft:stone_shovel":1,"minecraft:iron_nugget":27,"indrev:steel_leggings":2,"minecells:prison_bricks":4,"minecraft:furnace":10,"minecraft:mushroom_stew":93,"indrev:steel_chestplate":2,"minecraft:iron_axe":1,"techreborn:sapphire_helmet":1,"minecraft:stone_pickaxe":3,"minecraft:dark_oak_planks":272,"minecraft:sugar":10,"minecraft:cooked_beef":10,"minecraft:enchanting_table":1,"simplyswords:iron_halberd":3,"minecraft:iron_sword":1,"minecraft:bowl":84,"indrev:steel_boots":2,"jewelry:tanzanite_necklace":1,"minecraft:stone_axe":1,"minecraft:air":0,"minecraft:oak_boat":1,"minecraft:white_wool":3,"justhammers:stone_hammer":1,"minecraft:anvil":1,"minecraft:white_bed":1,"minecraft:torch":12,"indrev:steel_helmet":3},"minecraft:killed":{"creeperoverhaul:beach_creeper":1,"minecraft:spider":5,"betternether:firefly":1,"minecraft:wither":1,"minecells:sweeper":1,"minecraft:skeleton":4,"minecraft:chicken":1,"minecells:sewers_tentacle":6,"minecells:leaping_zombie":85,"minecells:protector":9,"minecells:grenadier":16,"minecraft:piglin_brute":6,"betternether:hydrogen_jellyfish":2,"minecraft:piglin":2,"minecraft:zombie_villager":2,"minecraft:sheep":2,"minecraft:pillager":2,"minecraft:zombie":30,"minecraft:stray":1,"minecells:shieldbearer":13,"minecraft:blaze":6,"minecraft:cow":6,"minecells:mutated_bat":17,"minecraft:vindicator":1,"minecells:undead_archer":15,"bewitchment:ghost":1,"minecraft:phantom":1,"mythicmobs:chupacabra":1,"minecells:conjunctivius":1,"minecraft:drowned":2,"betternether:naga":1,"minecraft:husk":6,"graveyard:ghoul":3,"minecells:runner":15,"minecraft:wither_skeleton":7,"minecraft:player":1,"minecells:buzzcutter":3,"minecraft:enderman":2},"minecraft:killed_by":{"minecells:inquisitor":1,"minecraft:player":1,"graveyard:ghoul":1,"minecells:leaping_zombie":1},"minecraft:dropped":{"minecells:sewer_calamari":2,"minecraft:soul_sand":8,"betternether:wall_mushroom_red":2,"minecraft:candle":2,"minecraft:brown_mushroom":1,"minecraft:birch_planks":21,"fwaystones:waystone_scroll":2,"paladins:holy_wand":1,"simplyswords:iron_glaive":1,"minecraft:glass_bottle":3,"minecraft:cooked_porkchop":7,"minecells:tentacle":2,"minecells:blood_sword":4,"minecells:arcane_goo":7,"simplyswords:iron_halberd":2,"minecraft:red_mushroom":14,"betternether:black_bush":4,"minecells:prison_brick_stairs":2,"minecraft:cracked_polished_blackstone_bricks":1,"minecraft:dirt":3,"minecells:infected_flesh":20,"croptopia:walnut":2,"techreborn:raw_tin":14,"minecells:prison_cobblestone_stairs":12,"minecraft:polished_blackstone_brick_stairs":6,"indrev:steel_boots":1,"jewelry:tanzanite_necklace":1,"minecraft:iron_pickaxe":2,"mcda:phantom_bones":1,"indrev:steel_leggings":1,"minecraft:polished_blackstone_bricks":23,"minecraft:sugar":15,"minecells:black_bridge_dimensional_rune":1,"minecraft:dark_oak_planks":1,"minecraft:white_wool":1,"indrev:steel_helmet":2,"simplyswords:gold_rapier":3,"twigs:twig":4,"betternether:wall_moss":7,"minecraft:gold_ingot":129,"minecraft:bone":4,"minecraft:waxed_cut_copper_slab":3,"minecraft:stone_axe":2,"simplyswords:runic_tablet":8,"minecraft:waxed_cut_copper_stairs":3,"minecraft:blackstone":1,"bewitchment:salt":16,"minecraft:iron_nugget":32,"simplyswords:iron_katana":3,"minecraft:cobbled_deepslate":303,"spellbladenext:crystal_cutlass":1,"minecraft:obsidian":3,"minecells:putrid_planks":1,"minecraft:rotten_flesh":49,"minecraft:oak_planks":14,"minecraft:glowstone_dust":1,"create:asurine":12,"artifacts:everlasting_beef":1,"indrev:steel_chestplate":2,"patchouli:guide_book":4,"botania:black_mushroom":1,"indrev:raw_lead":1,"minecells:cage":2,"supplementaries:ash":11,"minecells:prison_cobblestone_wall":9,"betternether:basalt_stalactite":1,"minecraft:gunpowder":2,"minecells:balanced_blade":3,"minecraft:skeleton_skull":2,"mcdw:axe_axe":1,"croptopia:blackbean_seed":2,"modern_industrialization:lignite_coal":27,"minecells:insufferable_crypt_dimensional_rune":1,"indrev:nikolite_dust":13,"minecells:small_prison_brick_slab":1,"minecraft:red_nether_bricks":2,"minecraft:iron_bars":80,"minecraft:arrow":16,"minecells:crate":30,"minecraft:quartz":2,"minecraft:netherrack":1,"minecraft:splash_potion":1,"simplyswords:gold_halberd":3,"minecraft:iron_ingot":1,"minecraft:enchanted_book":52,"minecraft:bread":1,"betternether:blue_obsidian":5,"minecraft:wheat_seeds":2,"minecraft:golden_helmet":3,"minecells:prison_cobblestone":34,"croptopia:blackbean":1,"minecraft:dripstone_block":24,"mcda:white_mystery_armor_chestplate":1,"spellbladenext:frost_claymore":3,"tiered:limestone_chunk":33,"minecraft:iron_helmet":3,"minecraft:cobblestone":123,"minecraft:book":6,"minecells:marksmans_bow":1,"simplyswords:diamond_warglaive":1,"minecells:small_crate":26,"minecraft:mushroom_stew":12,"minecraft:coal":5,"minecraft:stick":11,"create:clipboard":2,"minecraft:diorite":21,"minecells:prison_bricks":4,"minecells:putrid_fence":4,"minecells:explosive_bulb":16,"simplyswords:molten_edge":1,"minecells:red_putrid_sapling":6,"minecells:metal_shards":19,"modern_industrialization:raw_uranium":2,"minecells:buzzcutter_fang":1,"paladins:diamond_claymore":2,"minecraft:paper":54,"minecraft:string":17,"create:raw_zinc":15,"powah:uraninite_raw":2,"minecraft:redstone":16,"simplyswords:whisperwind":1,"techreborn:pyrite_dust":4,"minecraft:furnace":1,"create:ochrum":20,"minecraft:coarse_dirt":1,"minecraft:stone_sword":4,"croptopia:cashew":1,"minecraft:bowl":26,"minecraft:tuff":32,"simplyswords:ribboncleaver":2,"simplyswords:dormant_relic":1,"simplyswords:tempest":1,"minecraft:stone_shovel":1,"simplyswords:diamond_sai":1,"simplyswords:diamond_longsword":3,"minecraft:iron_boots":1,"minecraft:stripped_oak_log":2,"winterly:cryomarble_shard":2,"minecells:big_chain":6,"minecraft:nether_bricks":2,"travelersbackpack:diamond_tier_upgrade":1,"minecells:monster_cell":1,"simplyswords:watcher_claymore":1,"minecraft:shroomlight":2,"minecraft:shield":5,"create:veridium":5,"fishofthieves:earthworms":2,"adventurez:orc_skin":3,"minecraft:peony":1,"minecraft:andesite":7,"minecraft:oak_sapling":1,"artifacts:eternal_steak":1,"minecells:guts":1,"minecraft:stone_bricks":3,"minecells:cudgel":4,"minecraft:stone_pickaxe":2,"minecraft:wooden_pickaxe":1,"simplyswords:iron_claymore":2}},"DataVersion":3465}