{"stats":{"minecraft:picked_up":{"minecraft:iron_chestplate":1,"minecraft:anvil":1,"minecells:small_prison_bricks":57,"minecraft:enchanted_book":1,"croptopia:calamari":1,"minecells:buzzcutter_fang":18,"minecraft:golden_sword":1,"minecraft:amethyst_block":1,"betternether:nether_brick_tile_large":1,"minecraft:polished_deepslate":1,"minecraft:polished_blackstone_brick_stairs":37,"minecraft:string":32,"minecraft:soul_soil":13,"minecraft:red_nether_bricks":15,"graveyard:sarcophagus":2,"minecraft:shroomlight":13,"minecraft:diamond_leggings":2,"minecraft:gold_nugget":66,"minecraft:cobbled_deepslate":445,"travelersbackpack:enderman":1,"minecraft:spruce_planks":48,"modern_industrialization:raw_uranium":1,"minecraft:written_book":2,"minecraft:coal_block":2,"immersive_armors:steampunk_chestplate":1,"beachparty:sand_slab":1,"minecraft:polished_blackstone_brick_slab":8,"minecells:guts":54,"croptopia:blackbean":1,"betternether:bone_wall":1,"spellbladenext:flaming_falchion":1,"simplyswords:dormant_relic":1,"minecraft:golden_axe":2,"simplyswords:tempest":1,"regions_unexplored:raw_redstone_block":2,"minecells:putrid_fence":3,"betternether:cincinnasite":12,"travelersbackpack:iron":2,"create:clipboard":2,"artifacts:villager_hat":2,"supplementaries:ash":4,"minecraft:blaze_rod":36,"croptopia:pecan":1,"minecraft:iron_bars":11,"minecraft:birch_log":18,"techreborn:sphalerite_dust":1,"minecraft:magma_block":11,"travelersbackpack:iron_golem":1,"minecraft:feather":8,"minecraft:cooked_beef":53,"betternether:jungle_moss":8,"minecraft:iron_door":4,"minecraft:brown_wool":1,"minecraft:dark_oak_boat":2,"minecraft:copper_block":3,"betternether:rubeus_sapling":1,"minecraft:flint":11,"simplyswords:whisperwind":2,"minecraft:lantern":2,"minecells:insufferable_crypt_dimensional_rune":1,"betternether:nether_ruby_helmet":1,"minecraft:chipped_anvil":2,"betternether:geyser":1,"fishofthieves:earthworms":1,"mythicmobs:bronze_ingot":1,"minecraft:diamond_helmet":1,"minecraft:glowstone_dust":6,"minecraft:gray_candle":3,"croptopia:roe":4,"betternether:smoker":3,"minecraft:chiseled_polished_blackstone":5,"patchouli:guide_book":1,"fishofthieves:pondie":2,"betternether:wall_moss":14,"winterly:cryomarble_shard":2,"minecells:cudgel":1,"minecells:big_chain":3,"minecraft:dark_oak_log":153,"minecraft:dispenser":2,"minecells:explosive_bulb":10,"betternether:cincinnasite_lantern":1,"minecraft:granite":14,"fishofthieves:leeches":4,"minecraft:bread":1,"twigs:rhyolite":3,"minecraft:bricks":4,"minecraft:diamond_pickaxe":2,"minecraft:crafting_table":5,"modern_industrialization:lignite_coal":25,"techreborn:pyrite_dust":5,"friendsandfoes:totem_of_illusion":4,"immersive_armors:steampunk_leggings":1,"minecraft:polished_blackstone_wall":2,"twigs:opaline_seashell":1,"minecells:sewer_calamari":13,"spellbladenext:crystal_cutlass":4,"minecraft:beef":5,"minecells:vine_rune":4,"betternether:netherrack_stalactite":2,"minecraft:spruce_slab":2,"indrev:steel_leggings":2,"minecraft:chest":2,"minecraft:birch_sapling":7,"minecraft:egg":1,"indrev:steel_chestplate":1,"minecraft:sandstone":12,"mythicupgrades:sapphire":10,"minecells:arcane_goo":21,"techreborn:ruby_gem":6,"betternether:rubeus_log":1,"betternether:nether_ruby":39,"minecraft:redstone":195,"artifacts:everlasting_beef":1,"minecraft:diamond_chestplate":2,"minecraft:deepslate_bricks":1,"minecraft:diamond_boots":2,"minecraft:gold_ingot":12,"artifacts:pocket_piston":1,"minecraft:polished_blackstone":7,"minecraft:white_wool":19,"minecraft:red_mushroom":28,"minecraft:oak_log":32,"minecells:putrid_planks":4,"minecraft:stone_bricks":9,"minecraft:apple":4,"jewelry:tanzanite_necklace":2,"minecells:kings_crest_flag":1,"prominent:knowledge_scroll":1,"minecraft:cobweb":13,"travelersbackpack:blank_upgrade":1,"soulsweapons:bluemoon_shortsword":1,"mythicupgrades:ruby":1,"minecraft:smooth_basalt":3,"modern_industrialization:raw_tungsten":3,"minecells:prison_cobblestone":30,"minecells:monster_cell":148,"minecraft:cracked_nether_bricks":13,"minecells:infected_flesh":60,"minecraft:gravel":110,"powah:uraninite_raw":2,"minecraft:spruce_sapling":7,"minecraft:spruce_log":39,"minecells:red_putrid_sapling":5,"modern_industrialization:raw_nickel":1,"minecraft:purple_glazed_terracotta":4,"minecraft:painting":1,"minecraft:gray_wool":1,"minecraft:polished_blackstone_brick_wall":13,"minecraft:red_nether_brick_slab":1,"minecraft:ender_pearl":3,"techreborn:raw_tin":9,"beachparty:rubber_ring_axolotl":1,"minecraft:nether_brick_fence":3,"betternether:pig_statue_respawner":1,"soulsweapons:moonstone":10,"minecraft:gilded_blackstone":45,"regions_unexplored:prismarite_cluster":10,"techreborn:galena_ore":1,"betternether:nether_brick_tile_small":4,"twigs:pebble":47,"minecraft:calcite":9,"minecells:molten_chunk":14,"minecraft:furnace":6,"minecraft:tipped_arrow":30,"minecraft:stick":5,"minecraft:polished_deepslate_stairs":3,"minecraft:torch":19,"twigs:silt_ball":4,"simplyswords:arcanethyst":2,"travelersbackpack:diamond_tier_upgrade":2,"minecraft:porkchop":16,"graveyard:yellow_urn":1,"minecraft:pointed_dripstone":12,"minecraft:diorite":6,"betternether:lapis_pile":6,"mutantmonsters:hulk_hammer":1,"simplyswords:diamond_warglaive":1,"minecraft:rotten_flesh":105,"betternether:cincinnasite_lantern_small":1,"minecells:prison_cobblestone_wall":1,"create:veridium":20,"indrev:steel_boots":1,"minecraft:deepslate_brick_stairs":2,"minecraft:obsidian":1,"adventurez:orc_skin":2,"minecraft:cobblestone":187,"minecraft:crimson_hyphae":5,"minecraft:leather_chestplate":1,"minecraft:lilac":1,"minecraft:andesite":1,"minecells:small_prison_brick_slab":3,"minecraft:tuff":25,"create:raw_zinc":1,"betternether:wart_seed":4,"minecraft:wither_skeleton_skull":1,"minecraft:lapis_lazuli":226,"minecraft:dirt":24,"minecells:cracked_prison_bricks":4,"promenade:cooked_duck":3,"minecraft:glass":4,"minecraft:bone":164,"travelersbackpack:backpack_tank":2,"minecraft:bow":2,"minecraft:orange_tulip":3,"minecraft:raw_gold":62,"simplyswords:ribboncleaver":1,"minecraft:mossy_stone_bricks":4,"minecraft:oak_planks":73,"twigs:twig":31,"spellbladenext:frost_claymore":3,"simplyswords:diamond_sai":1,"minecraft:ghast_tear":5,"minecraft:cooked_porkchop":106,"techreborn:raw_lead":10,"betternether:blackstone_stalactite":6,"minecraft:sand":107,"minecells:metal_shards":17,"techreborn:sapphire_gem":21,"techreborn:red_garnet_gem":5,"minecraft:dark_prismarine":4,"indrev:sulfur_crystal":2,"techreborn:bauxite_ore":15,"techreborn:peridot_gem":4,"minecraft:sugar":16,"minecraft:diamond":26,"minecraft:cracked_polished_blackstone_bricks":28,"minecraft:crossbow":3,"minecraft:golden_apple":2,"minecells:bloomrock":9,"frostiful:wolf_fur_tuft":5,"soulsweapons:verglas":1,"minecraft:spruce_sign":2,"minecraft:emerald":33,"indrev:nikolite_dust":9,"minecraft:oak_sapling":10,"minecraft:netherrack":447,"croptopia:cashew":7,"minecells:boss_stem_cell":2,"minecraft:nether_star":1,"minecraft:chicken":1,"minecraft:brown_mushroom":22,"minecraft:gold_block":31,"minecraft:chain":2,"ad_astra:sky_stone":3,"minecraft:shield":3,"minecraft:item_frame":4,"archon:mana_berries":5,"minecraft:blackstone":34,"graveyard:corruption":3,"techreborn:raw_silver":3,"mythicmobs:chupacabra_raw_meat":1,"simplyswords:runic_tablet":1,"minecraft:andesite_stairs":2,"minecraft:oak_boat":2,"minecraft:player_head":1,"betternether:rubeus_bark":10,"minecraft:dark_oak_sapling":10,"minecraft:raw_iron":45,"betternether:wall_mushroom_red":21,"minecraft:bowl":7,"minecells:monsters_eye":4,"minecraft:polished_blackstone_bricks":210,"simplyswords:iron_halberd":1,"mcda:white_mystery_armor_chestplate":1,"minecraft:dark_oak_planks":4,"minecraft:lime_candle":3,"minecraft:arrow":145,"minecraft:weeping_vines":11,"regions_unexplored:redstone_bulb":1,"minecraft:nether_bricks":65,"jewelry:iron_ring":1,"minecraft:skeleton_skull":4,"endrem:cursed_eye":1,"betterarcheology:torrent_totem":1,"minecraft:basalt":43,"regions_unexplored:hanging_prismarite":8,"artifacts:eternal_steak":1,"minecraft:crimson_stem":10,"minecraft:leather":81,"minecraft:birch_planks":31,"simplyswords:iron_claymore":3,"fishofthieves:grubs":1,"soulsweapons:withered_demon_heart":1,"indrev:raw_tungsten":1,"minecraft:nether_wart_block":46,"minecraft:gunpowder":27,"betternether:cincinnasite_pedestal":1,"minecells:health_flask":2,"minecraft:cooked_mutton":51,"soulsweapons:lord_soul_red":1,"regions_unexplored:large_prismarite_cluster":3,"minecraft:red_nether_brick_stairs":1,"graveyard:small_green_urn":1,"supplementaries:globe_sepia":1,"minecells:prison_torch":1,"minecells:prison_bricks":35,"minecraft:cooked_chicken":1,"minecraft:soul_sand":26,"minecraft:book":63,"naturalist:cooked_venison":2,"minecraft:black_candle":6,"minecraft:stone_brick_slab":2,"minecraft:quartz":102,"minecraft:dripstone_block":2,"minecraft:amethyst_shard":4,"bewitchment:salt":3,"minecraft:blast_furnace":1,"minecraft:nether_brick_slab":2,"minecraft:spider_eye":5,"soulsweapons:darkin_blade":1,"adventurez:cooked_venison":4,"minecraft:terracotta":3,"minecraft:damaged_anvil":8,"mythicupgrades:sapphire_crystal_block":1,"minecraft:coal":182,"minecraft:wooden_axe":2},"minecraft:crafted":{"minecraft:birch_boat":3,"minecraft:bookshelf":2,"minecraft:glass":31,"minecraft:diamond_helmet":2,"create:scoria":17,"minecraft:cooked_porkchop":12,"travelersbackpack:standard":1,"betternether:rubeus_crafting_table":1,"minecraft:iron_pickaxe":1,"minecraft:iron_block":7,"minecraft:gold_ingot":603,"minecraft:netherite_ingot":1,"comforts:sleeping_bag_white":1,"betternether:nether_ruby_leggings":1,"travelersbackpack:blank_upgrade":4,"travelersbackpack:gold_tier_upgrade":2,"minecraft:stone_pickaxe":1,"minecraft:diamond_boots":1,"minecraft:dark_oak_planks":280,"mcda:emerald_gear_boots":4,"betternether:crimson_crafting_table":1,"soulsweapons:bluemoon_shortsword":1,"minecraft:polished_blackstone_brick_slab":6,"betternether:nether_ruby_boots":2,"minecraft:golden_apple":80,"minecraft:wooden_axe":2,"minecraft:iron_shovel":1,"minecraft:iron_leggings":4,"indrev:steel_helmet":1,"mcda:emerald_gear_leggings":3,"minecraft:oak_planks":84,"travelersbackpack:iron":3,"minecraft:dark_oak_boat":5,"mcda:emerald_gear_chestplate":2,"minecraft:stone":35,"betternether:nether_ruby_helmet":2,"minecraft:iron_boots":5,"minecraft:chest":24,"travelersbackpack:iron_tier_upgrade":2,"minecraft:crafting_table":10,"minecraft:spruce_planks":156,"minecraft:wooden_pickaxe":2,"minecraft:iron_helmet":1,"minecraft:gold_block":19,"minecraft:birch_planks":48,"betternether:rubeus_planks":44,"minecraft:iron_chestplate":2,"minecraft:diamond_pickaxe":2,"travelersbackpack:iron_golem":2,"minecraft:stick":84,"mcda:emerald_gear_helmet":2,"betternether:nether_ruby_chestplate":1,"artifacts:eternal_steak":1,"minecraft:furnace":3,"minecraft:leather":1,"minecraft:iron_axe":1,"travelersbackpack:diamond_tier_upgrade":1,"minecraft:cooked_beef":5,"supplementaries:globe_sepia":1,"minecraft:crimson_planks":36,"travelersbackpack:backpack_tank":4,"minecraft:bucket":1,"minecraft:stone_axe":1,"archon:magical_bookshelf":1,"minecraft:air":0,"minecraft:oak_boat":1,"minecraft:torch":76,"minecraft:diamond_chestplate":2},"minecraft:used":{"betternether:rubeus_planks":16,"minecraft:red_nether_brick_stairs":1,"minecraft:chest":22,"paladins:priest_robe_head":1,"lootr:trophy":1,"farmersdelight:fried_rice":10,"beachparty:rubber_ring_axolotl":2,"minecells:balanced_blade":1,"betternether:blackstone_stalactite":2,"minecraft:dark_oak_boat":7,"minecraft:bow":4,"minecraft:furnace":7,"mutantmonsters:hulk_hammer":1,"minecraft:egg":1,"simplyswords:ribboncleaver":2,"betternether:cincinnasite_pedestal":1,"soulsweapons:darkin_blade":4,"minecraft:damaged_anvil":14,"simplyswords:gold_halberd":1,"minecraft:wooden_pickaxe":28,"artifacts:eternal_steak":98,"minecraft:golden_apple":41,"simplyswords:diamond_warglaive":1,"minecraft:blast_furnace":1,"minecraft:fire_charge":2,"minecraft:oak_boat":3,"spellbladenext:arcane_orb":1,"simplyswords:toxic_longsword":1,"minecraft:polished_blackstone_brick_slab":6,"minecraft:stone_sword":44,"create:veridium":10,"minecraft:stick":1,"minecraft:netherrack":219,"endrem:lost_eye":1,"minecraft:torch":48,"minecraft:anvil":1,"minecraft:chipped_anvil":2,"supplementaries:globe_sepia":1,"simplyswords:diamond_scythe":1,"spellbladenext:flaming_falchion":1,"minecraft:iron_axe":159,"minecells:blood_sword":1,"minecraft:basalt":6,"minecraft:goat_horn":1,"minecraft:cobbled_deepslate":156,"minecraft:crimson_stem":1,"minecraft:water_bucket":58,"minecells:putrid_planks":126,"minecraft:birch_planks":8,"mcda:emerald_gear_leggings":1,"minecraft:polished_blackstone_bricks":33,"minecraft:gilded_blackstone":9,"minecraft:crafting_table":14,"supplementaries:bomb":4,"simplyswords:tempest":45,"minecraft:diamond_pickaxe":2103,"minecraft:diamond_shovel":37,"minecraft:iron_pickaxe":104,"minecells:prison_cobblestone":9,"simplyswords:hearthflame":5,"ad_astra:sky_stone":3,"minecells:prison_torch":1,"minecraft:cobblestone":33,"minecraft:cooked_porkchop":52,"betternether:rubeus_crafting_table":1,"spellbladenext:frost_claymore":870,"minecraft:iron_shovel":196,"minecraft:shield":16,"naturalist:cooked_venison":2,"minecraft:nether_bricks":5,"simplyswords:diamond_sai":50,"travelersbackpack:iron":26,"minecraft:obsidian":4,"mcdw:bow_twisting_vine_bow":21,"spellbladenext:fire_blade":11,"minecraft:lantern":8,"minecells:kings_crest_flag":1,"create:scoria":17,"simplyswords:diamond_cutlass":2,"betternether:bone_wall":1,"simplyswords:arcanethyst":1710,"minecraft:written_book":2,"minecraft:skeleton_skull":1,"travelersbackpack:enderman":1,"adventurez:cooked_venison":4,"minecraft:stone_pickaxe":82,"minecraft:oak_planks":15,"travelersbackpack:iron_golem":73,"simplyswords:molten_edge":6,"minecraft:white_wool":3,"simplyswords:diamond_spear":5,"minecraft:crossbow":47,"promenade:cooked_duck":3,"betternether:pig_statue_respawner":1,"ad_astra:oil_bucket":1,"minecells:tentacle":4,"spellbladenext:frost_blade":2,"minecraft:bread":13,"minecraft:gravel":3,"minecells:bloomrock":65,"simplyswords:whisperwind":22,"archers:archer_armor_legs":1,"betternether:nether_ruby_helmet":1,"minecraft:cobweb":19,"minecraft:experience_bottle":2,"create:clipboard":2,"simplyswords:iron_claymore":3,"graveyard:sarcophagus":2,"minecraft:flint_and_steel":37,"minecraft:spruce_planks":98,"minecraft:cooked_chicken":10,"minecraft:dirt":7,"minecraft:dark_oak_planks":114,"minecraft:wooden_axe":39,"minecraft:bookshelf":2,"minecraft:polished_blackstone_brick_stairs":12,"simplyswords:diamond_greathammer":10,"minecraft:golden_carrot":3,"minecraft:cooked_beef":58,"minecraft:enchanted_golden_apple":1,"minecraft:cooked_mutton":39,"minecells:prison_bricks":52,"minecraft:birch_boat":2,"minecraft:apple":1,"minecraft:cracked_polished_blackstone_bricks":1,"minecraft:gray_candle":3,"minecraft:cracked_nether_bricks":1,"simplyswords:wickpiercer":4,"betternether:crimson_crafting_table":1,"minecraft:stone_axe":16,"minecells:small_prison_bricks":45,"twigs:opaline_seashell":1,"minecraft:bucket":61,"archon:magical_bookshelf":1,"mcda:emerald_gear_helmet":1},"minecraft:broken":{"minecraft:diamond_helmet":2,"minecraft:iron_boots":1,"indrev:steel_helmet":1,"indrev:steel_boots":1,"mcda:emerald_gear_leggings":2,"minecraft:diamond_leggings":1,"mcda:emerald_gear_chestplate":2,"beachparty:rubber_ring_axolotl":1,"mcda:emerald_gear_boots":3,"minecraft:diamond_chestplate":1,"archers:archer_armor_legs":1,"mcda:emerald_gear_helmet":2},"minecraft:custom":{"minecraft:interact_with_crafting_table":97,"minecraft:open_barrel":1,"minecraft:bell_ring":1,"minecraft:leave_game":9,"minecraft:time_since_death":33833,"minecraft:damage_blocked_by_shield":1031,"minecraft:play_time":845510,"minecraft:deaths":11,"minecraft:jump":14216,"minecraft:enchant_item":25,"minecraft:interact_with_furnace":155,"minecraft:traded_with_villager":1,"minecraft:interact_with_cartography_table":1,"minecraft:sleep_in_bed":2,"minecraft:damage_dealt":135850,"minecraft:interact_with_smithing_table":12,"minecraft:interact_with_anvil":36,"minecraft:target_hit":4,"minecraft:sneak_time":57342,"minecraft:interact_with_blast_furnace":4,"minecraft:total_world_time":845510,"minecraft:tune_noteblock":3,"minecraft:interact_with_stonecutter":1,"minecraft:time_since_rest":33862,"minecraft:swim_one_cm":444577,"minecraft:fly_one_cm":4021759,"minecraft:open_chest":435,"minecraft:fall_one_cm":424409,"lootr:looted_stat":327,"minecraft:damage_resisted":165,"minecraft:sprint_one_cm":2666474,"minecraft:drop":589,"minecraft:talked_to_villager":15,"minecraft:walk_on_water_one_cm":222395,"minecraft:player_kills":2,"minecraft:crouch_one_cm":165774,"minecraft:mob_kills":648,"minecraft:damage_dealt_resisted":0,"minecraft:climb_one_cm":40952,"minecraft:walk_one_cm":1886949,"minecraft:walk_under_water_one_cm":123787,"minecraft:boat_one_cm":472680,"minecraft:interact_with_grindstone":2,"minecraft:hex":0,"minecraft:damage_taken":32493,"minecraft:damage_absorbed":1690,"minecraft:threat":6},"minecraft:mined":{"minecraft:red_nether_brick_slab":3,"minecraft:dark_prismarine_stairs":1,"minecells:putrid_fence":3,"betternether:cincinnasite_pedestal":1,"minecraft:red_nether_bricks":16,"indrev:deepslate_tungsten_ore":1,"minecraft:obsidian":1,"minecraft:granite":15,"minecraft:chiseled_polished_blackstone":4,"mythicupgrades:ruby_ore":1,"minecraft:coal_block":2,"minecraft:deepslate_bricks":1,"betternether:jungle_moss":2,"travelersbackpack:iron":1,"minecraft:chiseled_stone_bricks":1,"minecraft:spawner":26,"minecells:arrow_sign":1,"minecraft:polished_blackstone_bricks":76,"minecraft:weeping_vines_plant":3,"minecraft:magma_block":14,"minecraft:cobbled_deepslate":1,"minecraft:fire":65,"minecraft:deepslate_lapis_ore":7,"minecells:prison_torch":1,"amendments:wall_lantern":2,"minecells:wilted_wall_leaves":3,"minecraft:deepslate_brick_stairs":2,"bewitchment:deepslate_salt_ore":2,"create:veridium":10,"minecraft:player_head":1,"minecells:small_prison_brick_slab":2,"betternether:netherrack_stalactite":1,"regions_unexplored:white_magnolia_leaves":1,"minecraft:amethyst_cluster":1,"mythicupgrades:sapphire_crystal_block":1,"minecraft:torch":10,"minecraft:blast_furnace":1,"minecraft:nether_brick_slab":1,"minecraft:cyan_bed":1,"minecraft:damaged_anvil":8,"minecraft:bricks":4,"minecraft:amethyst_block":1,"powah:deepslate_uraninite_ore_poor":2,"modern_industrialization:deepslate_uranium_ore":1,"minecells:bloomrock":10,"minecraft:chain":3,"minecells:broken_cage":1,"minecraft:stone_brick_stairs":1,"minecraft:grass":5,"minecraft:smooth_basalt":3,"twigs:rhyolite":3,"minecraft:red_mushroom_block":1,"minecraft:deepslate":401,"minecraft:purple_glazed_terracotta":4,"techreborn:sapphire_ore":14,"minecraft:dark_prismarine":5,"minecraft:dark_oak_log":4,"betternether:blackstone_stalactite":1,"minecraft:nether_bricks":37,"minecells:rotting_corpse":1,"minecells:prison_stone":15,"techreborn:bauxite_ore":15,"supplementaries:globe_sepia":1,"minecraft:redstone_ore":5,"croptopia:pecan_crop":1,"techreborn:lead_ore":10,"minecells:prison_cobblestone_wall":1,"minecraft:andesite":1,"regions_unexplored:larch_leaves":2,"betternether:pig_statue_respawner":1,"graveyard:sarcophagus":3,"mythicupgrades:sapphire_ore":5,"betternether:nether_brick_tile_large":1,"croptopia:cashew_crop":2,"ad_astra:sky_stone":3,"fastpaintings:painting":1,"twigs:opaline_seashell":1,"betternether:netherrack_moss":1,"techreborn:deepslate_silver_ore":3,"minecraft:soul_sand":26,"minecraft:stone_brick_slab":2,"minecraft:polished_blackstone_brick_wall":10,"betternether:rubeus_bark":10,"betternether:bone_wall":1,"minecraft:deepslate_gold_ore":49,"minecraft:diorite":6,"regions_unexplored:prismarite_cluster":10,"graveyard:vase_block":2,"techreborn:ruby_ore":5,"minecraft:birch_leaves":1,"techreborn:pyrite_ore":4,"betternether:wall_mushroom_red":7,"minecraft:gravel":130,"minecraft:dripstone_block":4,"minecraft:cobweb":20,"minecraft:polished_blackstone":3,"minecraft:stone_bricks":13,"minecraft:gold_ore":3,"minecraft:chipped_anvil":2,"create:deepslate_zinc_ore":1,"minecells:small_prison_bricks":60,"graveyard:yellow_urn":1,"minecraft:andesite_stairs":2,"minecells:runic_vine":1,"regions_unexplored:hanging_prismarite":8,"travelersbackpack:iron_golem":1,"minecraft:grass_block":7,"minecraft:cracked_polished_blackstone_bricks":8,"modern_industrialization:lignite_coal_ore":18,"minecraft:soul_soil":12,"minecraft:polished_blackstone_brick_slab":7,"betternether:cincinnasite_ore":4,"minecraft:gilded_blackstone":50,"graveyard:small_green_urn":1,"minecraft:red_nether_brick_stairs":3,"minecraft:iron_ore":47,"minecraft:anvil":1,"supplementaries:stick":1,"minecraft:iron_bars":10,"minecraft:black_candle":1,"minecraft:spruce_slab":1,"minecraft:deepslate_redstone_ore":38,"minecells:prison_bricks":50,"modern_industrialization:deepslate_tungsten_ore":3,"minecraft:polished_blackstone_wall":2,"minecraft:blackstone":9,"minecraft:polished_deepslate_stairs":3,"minecraft:medium_amethyst_bud":1,"minecells:putrid_planks":4,"minecraft:calcite":9,"techreborn:deepslate_tin_ore":6,"minecraft:chest":1,"minecraft:nether_quartz_ore":107,"minecraft:cobblestone":6,"graveyard:gravestone":1,"minecraft:grindstone":1,"minecraft:wall_torch":2,"minecraft:oak_planks":2,"betternether:nether_ruby_ore":20,"minecraft:iron_door":4,"minecells:alchemy_equipment_2":1,"modern_industrialization:deepslate_lignite_coal_ore":7,"betternether:red_mold":1,"soulsweapons:cracked_infused_blackstone":1,"minecraft:nether_wart_block":1,"betternether:geyser":1,"minecraft:tnt":1,"techreborn:galena_ore":1,"minecraft:sand":91,"minecraft:dirt":12,"minecells:cracked_prison_bricks":4,"minecraft:dispenser":2,"minecraft:netherrack":391,"regions_unexplored:prismoss_sprout":2,"minecraft:oak_leaves":3,"minecraft:gray_candle":1,"soulsweapons:verglas_ore":1,"minecraft:tuff":25,"minecraft:dark_oak_leaves":1,"minecraft:deepslate_diamond_ore":21,"betternether:nether_brick_tile_small":2,"minecraft:chiseled_bookshelf":1,"minecells:prison_cobblestone":22,"techreborn:sphalerite_ore":1,"minecraft:brown_mushroom_block":2,"regions_unexplored:large_prismarite_cluster":3,"regions_unexplored:raw_redstone_block":2,"minecraft:sandstone":16,"minecraft:cracked_nether_bricks":7,"minecraft:furnace":5,"treechop:chopped_log":21,"indrev:deepslate_nikolite_ore":2,"minecraft:gold_block":31,"minecraft:nether_brick_fence":2,"minecraft:polished_deepslate":1,"soulsweapons:moonstone_ore_deepslate":7,"betternether:wall_moss":4,"minecraft:bookshelf":21,"bewitchment:salt_ore":1,"betternether:nether_lapis_ore":1,"minecraft:stone":191,"regions_unexplored:redstone_bulb":1,"minecells:kings_crest_flag":1,"betternether:cincinnasite_lantern":1,"supplementaries:ashen_basalt":1,"minecraft:basalt":24,"minecraft:crafting_table":4,"betternether:rubeus_log":1,"modern_industrialization:nickel_ore":1,"minecraft:deepslate_coal_ore":1,"minecells:alchemy_equipment_0":1,"minecraft:lapis_ore":22,"minecraft:polished_blackstone_brick_stairs":20,"betternether:rubeus_leaves":5,"minecraft:blue_candle":1,"techreborn:tin_ore":3,"supplementaries:urn":3,"minecraft:birch_planks":1,"minecraft:coal_ore":74,"minecraft:terracotta":3,"minecraft:mossy_stone_bricks":5},"minecraft:dropped":{"soulsweapons:bluemoon_shortsword":1,"betternether:wall_mushroom_red":17,"minecells:sewer_calamari":13,"minecraft:lapis_lazuli":10,"betternether:blackstone_stalactite":4,"minecraft:cooked_porkchop":66,"minecraft:crossbow":2,"minecraft:orange_tulip":3,"minecraft:weeping_vines":11,"minecells:vine_rune":3,"travelersbackpack:iron_tier_upgrade":1,"simplyswords:iron_halberd":1,"archon:mana_berries":10,"graveyard:corruption":2,"minecraft:red_mushroom":24,"friendsandfoes:totem_of_illusion":1,"minecraft:item_frame":2,"betternether:cincinnasite_lantern_small":1,"minecraft:dirt":9,"mythicmobs:bronze_ingot":1,"techreborn:raw_tin":1,"jewelry:tanzanite_necklace":1,"minecraft:gold_nugget":59,"minecraft:sugar":1,"minecraft:iron_pickaxe":1,"minecraft:lime_candle":3,"minecraft:dark_oak_planks":6,"minecraft:white_wool":16,"regions_unexplored:redstone_bulb":1,"minecraft:bone":47,"minecraft:polished_blackstone_wall":2,"mutantmonsters:hulk_hammer":1,"minecraft:iron_nugget":1,"simplyswords:iron_katana":1,"minecraft:cobbled_deepslate":151,"minecraft:birch_sapling":7,"minecraft:obsidian":1,"minecraft:rotten_flesh":70,"minecraft:oak_planks":7,"minecraft:glowstone_dust":4,"minecraft:nether_brick_fence":3,"minecells:small_prison_bricks":30,"techreborn:sphalerite_dust":1,"minecraft:painting":1,"minecraft:spruce_slab":2,"indrev:nikolite_dust":9,"minecraft:red_nether_bricks":15,"archers:archer_armor_head":1,"botania:black_lotus":1,"minecraft:crimson_planks":27,"minecraft:enchanted_book":5,"graveyard:yellow_urn":1,"frostiful:wolf_fur_tuft":5,"minecraft:polished_blackstone":6,"croptopia:blackbean":1,"minecraft:dripstone_block":2,"spellbladenext:frost_claymore":3,"minecraft:feather":3,"minecraft:cobblestone":90,"minecraft:book":15,"minecells:marksmans_bow":1,"minecraft:granite":14,"mythicupgrades:ruby":1,"minecraft:coal":45,"minecraft:golden_apple":3,"minecraft:gray_wool":1,"betternether:rubeus_sapling":1,"minecells:prison_bricks":11,"twigs:silt_ball":4,"minecells:putrid_fence":2,"betternether:smoker":3,"minecraft:wooden_axe":4,"travelersbackpack:blank_upgrade":1,"minecraft:diamond_helmet":2,"paladins:diamond_claymore":1,"minecraft:iron_shovel":1,"minecraft:string":8,"minecraft:spruce_sapling":7,"minecraft:stone_brick_slab":1,"techreborn:pyrite_dust":5,"twigs:rhyolite":3,"minecraft:furnace":2,"minecraft:bricks":3,"minecraft:soul_soil":1,"minecraft:player_head":1,"minecraft:stone_sword":1,"minecraft:bowl":13,"fishofthieves:leeches":4,"prominent:music_disc_coniferus_forest":1,"minecells:cracked_prison_bricks":3,"minecraft:nether_bricks":60,"jewelry:copper_ring":1,"supplementaries:quiver":1,"minecraft:shroomlight":13,"botania:lexicon":4,"minecraft:spruce_planks":72,"minecraft:diamond_pickaxe":2,"minecraft:andesite_stairs":2,"artifacts:eternal_steak":1,"endrem:cursed_eye":1,"minecells:guts":24,"minecraft:spider_eye":2,"betternether:rubeus_planks":19,"minecraft:bow":1,"minecraft:crimson_hyphae":5,"minecraft:magma_block":11,"minecraft:dark_prismarine":3,"betternether:nether_brick_tile_small":4,"simplyswords:iron_claymore":3,"artifacts:fire_gauntlet":1,"minecraft:terracotta":3,"minecraft:spruce_sign":2,"graveyard:small_green_urn":1,"minecraft:candle":5,"minecraft:brown_mushroom":9,"minecraft:birch_planks":7,"minecraft:oak_log":12,"minecraft:nether_star":1,"minecraft:dark_oak_sapling":9,"minecraft:red_nether_brick_slab":1,"minecraft:leather":20,"minecells:arcane_goo":5,"jewelry:iron_ring":1,"minecraft:polished_blackstone_brick_wall":10,"indrev:sulfur_crystal":2,"immersive_armors:steampunk_chestplate":1,"minecraft:cracked_polished_blackstone_bricks":27,"minecells:infected_flesh":39,"minecraft:dark_oak_log":81,"minecraft:polished_blackstone_brick_stairs":22,"mythicmobs:chupacabra_raw_meat":1,"spellbladenext:frost_blade":2,"mythicupgrades:broken_topaz_disc":1,"minecraft:gilded_blackstone":30,"indrev:steel_leggings":1,"minecraft:polished_blackstone_bricks":139,"croptopia:calamari":1,"minecraft:birch_log":6,"fishofthieves:grubs":1,"betternether:wall_moss":14,"twigs:twig":13,"minecraft:gravel":64,"minecraft:chiseled_polished_blackstone":4,"regions_unexplored:raw_redstone_block":2,"simplyswords:runic_tablet":1,"minecraft:blackstone":31,"betternether:jungle_moss":8,"spellbladenext:crystal_cutlass":4,"minecraft:pointed_dripstone":12,"simplyswords:arcanethyst":2,"artifacts:villager_hat":2,"techreborn:peridot_gem":1,"minecraft:cooked_mutton":21,"betternether:netherrack_stalactite":2,"travelersbackpack:iron":1,"minecells:prison_cobblestone_wall":1,"minecraft:gunpowder":22,"minecraft:dune_armor_trim_smithing_template":2,"minecraft:skeleton_skull":3,"croptopia:pecan":1,"modern_industrialization:raw_tungsten":1,"simplyswords:diamond_greathammer":1,"modern_industrialization:lignite_coal":3,"indrev:module_color_red":1,"minecraft:arrow":21,"minecraft:basalt":23,"minecraft:iron_bars":6,"minecells:small_prison_brick_slab":3,"minecraft:cracked_nether_bricks":12,"mythicupgrades:sapphire_crystal_block":1,"minecraft:quartz":71,"minecraft:written_book":2,"simplyswords:gold_halberd":1,"minecraft:netherrack":193,"simplyswords:diamond_spear":1,"minecells:prison_cobblestone":17,"minecraft:lilac":1,"minecraft:diamond_leggings":2,"mcda:white_mystery_armor_chestplate":1,"minecraft:prismarine_shard":2,"minecraft:golden_axe":1,"minecells:cell_infused_steel":3,"minecraft:amethyst_block":1,"simplyswords:diamond_warglaive":1,"indrev:raw_tungsten":1,"betternether:nether_brick_tile_large":1,"minecraft:stick":13,"create:clipboard":2,"techreborn:galena_ore":1,"minecraft:black_candle":6,"minecraft:diorite":6,"minecraft:torch":58,"minecraft:nether_wart_block":45,"minecraft:brown_wool":1,"minecells:red_putrid_sapling":5,"travelersbackpack:enderman":1,"minecraft:iron_leggings":1,"minecells:metal_shards":14,"minecells:molten_chunk":14,"minecraft:polished_blackstone_brick_slab":8,"betternether:wart_seed":2,"betternether:cincinnasite_lantern":1,"minecraft:smooth_basalt":3,"simplyswords:whisperwind":2,"minecraft:nether_brick_slab":2,"croptopia:cashew":7,"minecraft:tuff":24,"simplyswords:ribboncleaver":1,"simplyswords:dormant_relic":1,"simplyswords:diamond_sai":1,"simplyswords:tempest":1,"botania:overgrowth_seed":1,"minecells:big_chain":3,"travelersbackpack:diamond_tier_upgrade":2,"betternether:lapis_pile":6,"minecraft:filled_map":2,"minecraft:shield":2,"create:veridium":10,"fishofthieves:earthworms":1,"minecraft:diamond_chestplate":2,"minecraft:iron_chestplate":1,"minecraft:andesite":1,"minecraft:mossy_stone_bricks":1,"artifacts:pocket_piston":1,"minecraft:oak_sapling":10,"minecraft:golden_sword":1,"croptopia:roe":4,"minecells:health_flask":8,"minecraft:diamond_boots":2,"betternether:nether_ruby_helmet":1,"minecraft:stone_pickaxe":1,"simplyswords:diamond_scythe":1,"minecraft:wooden_pickaxe":2,"minecraft:calcite":6},"minecraft:killed_by":{"minecells:grenadier":1,"bosses_of_mass_destruction:gauntlet":2,"minecraft:player":2},"minecraft:killed":{"promenade:capybara":1,"minecraft:cave_spider":7,"betternether:skull":2,"betternether:firefly":3,"naturalist:boar":3,"minecells:sweeper":16,"minecraft:skeleton":47,"minecraft:fox":1,"minecraft:chicken":2,"minecells:sewers_tentacle":9,"minecells:grenadier":15,"minecells:protector":4,"minecraft:salmon":1,"minecraft:pillager":9,"bewitchment:owl":1,"tinyskeletons:baby_skeleton":3,"minecraft:zombie":42,"minecells:shieldbearer":20,"minecells:inquisitor":24,"minecraft:cow":24,"minecells:mutated_bat":6,"minecraft:vindicator":2,"minecells:undead_archer":10,"fishofthieves:pondie":2,"mythicmobs:kobold":2,"naturalist:deer":1,"adventurez:orc":1,"minecraft:husk":3,"graveyard:ghoul":3,"naturalist:bear":2,"mythicmobs:drake":1,"adventurez:deer":2,"minecells:buzzcutter":42,"minecraft:enderman":2,"minecraft:witch":7,"minecraft:zombified_piglin":14,"graveyard:skeleton_creeper":1,"minecraft:spider":10,"minecells:concierge":1,"minecraft:illusioner":4,"minecells:leaping_zombie":67,"minecraft:piglin_brute":8,"artifacts:mimic":3,"betternether:hydrogen_jellyfish":1,"minecraft:wolf":1,"minecraft:piglin":5,"minecraft:pig":19,"minecraft:strider":1,"minecraft:creeper":13,"minecraft:sheep":22,"minecraft:ghast":2,"minecraft:blaze":22,"promenade:duck":3,"graveyard:revenant":5,"mythicmobs:chupacabra":1,"minecraft:drowned":6,"betternether:naga":6,"minecells:runner":9,"naturalist:butterfly":1,"minecraft:hoglin":12,"minecraft:squid":1,"promenade:lush_creeper":1,"mythicmounts:netherbat":2,"mutantmonsters:mutant_zombie":1,"minecraft:wither_skeleton":26,"minecraft:player":2}},"DataVersion":3465}